Fecha,TSS,hrv,mmp5,rHRM,kjkg,hm,hrv_post
01/01/2025,62,82,0,46,,,
02/01/2025,114,75,0,44,,,
03/01/2025,91,88,0,43,,,
04/01/2025,182,72,0,42,,,
05/01/2025,95,82,0,42,,,
06/01/2025,0,88,0,43,,,
07/01/2025,192,72,0,41,,,
08/01/2025,81,87,0,40,,,
09/01/2025,179,73,246,41,,,
10/01/2025,54,86,0,43,,,
11/01/2025,175,68,179,43,,,
12/01/2025,102,80,0,46,,,
13/01/2025,70,87,0,42,,,
14/01/2025,189,72,247,42,,,
15/01/2025,82,89,0,41,,,
16/01/2025,135,66,251,42,,,
17/01/2025,44,90,0,42,,,
18/01/2025,188,85,179,42,,,
19/01/2025,90,83,0,45,,,
20/01/2025,77,89,176,42,,,
21/01/2025,200,75,251,43,,,
22/01/2025,60,88,210,41,,,
23/01/2025,74,89,0,41,,,
24/01/2025,89,81,0,42,,,
25/01/2025,158,79,0,40,,,
26/01/2025,86,89,0,42,,,
27/01/2025,0,90,0,41,,,
28/01/2025,172,74,244,39,,,
29/01/2025,98,90,0,41,,,
30/01/2025,0,83,244,42,,,
31/01/2025,84,86,0,40,,,
01/02/2025,131,56,216,45,,,
02/02/2025,97,89,0,39,,,
03/02/2025,93,78,0,42,,,
04/02/2025,47,88,264,40,,,
05/02/2025,0,77,0,45,,,
06/02/2025,76,76,246,42,,,
07/02/2025,101,86,0,42,,,
08/02/2025,150,50,227,46,,,
09/02/2025,17,85,0,43,,,
10/02/2025,91,84,0,44,,,
11/02/2025,131,57,170,47,,,
12/02/2025,100,83,0,43,,,
13/02/2025,0,82,238,42,,,
14/02/2025,118,81,0,43,,,
15/02/2025,102,75,227,44,,,
16/02/2025,0,77,0,45,,,
17/02/2025,0,77,0,46,,,
18/02/2025,86,75,266,43,,,
19/02/2025,0,80,0,43,,,
20/02/2025,50,81,232,42,,,
21/02/2025,50,73,0,43,,,
22/02/2025,0,77,215,44,,,
23/02/2025,77,71,0,48,,,
24/02/2025,90,75,0,45,,,
25/02/2025,83,74,227,44,,,
26/02/2025,75,74,0,43,,,
27/02/2025,0,76,0,49,,,
28/02/2025,65,83,233,43,,,
01/03/2025,139,65,0,41,,,
02/03/2025,57,74,0,48,,,
03/03/2025,0,83,0,45,,,
04/03/2025,78,76,225,43,,,
05/03/2025,81,81,0,42,,,
06/03/2025,41,71,0,46,,,
07/03/2025,59,85,0,42,,,
08/03/2025,60,86,62,43,,,
09/03/2025,71,85,223,41,,,
10/03/2025,67,63,0,47,,,
11/03/2025,102,79,165,47,,,
12/03/2025,118,82,0,42,,,
13/03/2025,82,83,0,42,,,
14/03/2025,0,88,0,43,,,
15/03/2025,70,88,228,40,,,
16/03/2025,0,80,0,43,,,
17/03/2025,0,82,0,43,,,
18/03/2025,59,86,256,42,,,
19/03/2025,84,77,0,46,,,
20/03/2025,63,86,174,44,,,
21/03/2025,60,79,0,44,,,
22/03/2025,72,73,224,46,,,
23/03/2025,66,82,0,43,,,
24/03/2025,126,80,0,42,,,
25/03/2025,124,72,251,48,,,
26/03/2025,0,82,0,43,,,
27/03/2025,66,80,172,43,,,
28/03/2025,110,84,0,44,,,
29/03/2025,132,71,233,44,,,
30/03/2025,60,87,0,42,,,
31/03/2025,0,81,0,45,,,
01/04/2025,89,81,223,0,,,
02/04/2025,190,84,0,44,,,
03/04/2025,136,85,0,46,,,
04/04/2025,0,73,0,49,,,
05/04/2025,157,74,195,50,,,
06/04/2025,0,74,220,0,,,
07/04/2025,0,85,0,44,,,
08/04/2025,98,74,170,51,,,
09/04/2025,0,86,0,44,,,
10/04/2025,76,68,233,52,,,
11/04/2025,0,82,0,43,,,
12/04/2025,0,74,217,50,,,
13/04/2025,64,75,0,44,,,
14/04/2025,112,76,0,44,,,
15/04/2025,55,77,264,44,,,
16/04/2025,75,77,0,47,,,
17/04/2025,85,78,244,49,,,
18/04/2025,83,83,220,45,,,
19/04/2025,100,87,0,43,,,
20/04/2025,0,86,0,46,,,
21/04/2025,148,67,0,49,,,
22/04/2025,118,79,254,50,,,
23/04/2025,0,83,161,44,,,
24/04/2025,159,64,224,50,,,
25/04/2025,88,81,0,45,,,
26/04/2025,115,78,225,45,,,
27/04/2025,83,75,0,51,,,
28/04/2025,0,81,0,46,,,
29/04/2025,155,86,259,43,,,
30/04/2025,126,77,164,45,,,
01/05/2025,88,69,180,49,,,
02/05/2025,86,69,0,0,,,
03/05/2025,124,80,225,46,,,
04/05/2025,65,79,0,46,,,
05/05/2025,97,81,0,46,,,
06/05/2025,113,77,255,43,,,
07/05/2025,83,71,161,49,,,
08/05/2025,0,83,162,44,,,
09/05/2025,154,75,0,42,,,
10/05/2025,74,81,226,42,,,
11/05/2025,86,79,0,45,,,
12/05/2025,89,78,0,41,,,
13/05/2025,101,75,255,43,,,
14/05/2025,79,83,0,46,,,
15/05/2025,104,77,166,44,,,
16/05/2025,0,84,0,42,,,
17/05/2025,129,74,214,44,,,
18/05/2025,83,81,0,45,,,
19/05/2025,0,81,0,44,,,
20/05/2025,139,75,236,44,,,
21/05/2025,118,81,0,42,,,
22/05/2025,109,78,0,43,,,
23/05/2025,0,84,0,44,,,
24/05/2025,133,69,190,47,,,
25/05/2025,103,73,0,46,,,
26/05/2025,60,77,0,44,,,
27/05/2025,0,72,207,48,,,
28/05/2025,35,75,0,45,,,
29/05/2025,54,70,169,48,,,
30/05/2025,0,72,0,49,,,
31/05/2025,80,69,0,45,,,
01/06/2025,0,72,194,49,,,
02/06/2025,0,74,0,48,,,
03/06/2025,0,73,0,51,,,
04/06/2025,0,78,0,45,,,
05/06/2025,76,71,165,46,,,
06/06/2025,54,70,0,51,,,
07/06/2025,0,73,166,51,,,
08/06/2025,0,75,0,53,,,
09/06/2025,102,74,0,45,,,
10/06/2025,81,77,209,45,,,
11/06/2025,68,80,0,44,,,
12/06/2025,79,74,188,45,,,
13/06/2025,59,79,0,43,,,
14/06/2025,107,73,217,49,,,
15/06/2025,87,75,0,43,,,
16/06/2025,79,75,0,45,,,
17/06/2025,88,76,226,42,,,
18/06/2025,69,83,0,42,,,
19/06/2025,0,78,225,43,,,
20/06/2025,83,74,0,45,,,
21/06/2025,130,79,178,44,,,
22/06/2025,79,80,0,44,,,
23/06/2025,0,82,0,43,,,
24/06/2025,70,79,259,43,,,
25/06/2025,81,72,0,46,,,
26/06/2025,65,79,231,44,,,
27/06/2025,71,73,0,48,,,
28/06/2025,0,75,184,46,,,
29/06/2025,0,70,0,49,,,
30/06/2025,0,66,0,50,,,
01/07/2025,0,71,266,49,,,
02/07/2025,0,73,0,47,,,
03/07/2025,0,76,228,47,,,
04/07/2025,0,77,0,43,,,
05/07/2025,80,72,212,43,,,
06/07/2025,55,71,0,49,,,
07/07/2025,61,76,0,46,,,
08/07/2025,50,76,266,46,,,
09/07/2025,87,71,0,45,,,
10/07/2025,0,79,234,48,,,
11/07/2025,84,78,0,49,,,
12/07/2025,78,77,207,46,,,
13/07/2025,77,88,0,43,,,
14/07/2025,70,82,0,45,,,
15/07/2025,66,77,269,45,,,
16/07/2025,87,80,0,46,,,
17/07/2025,0,79,248,47,,,
18/07/2025,117,80,0,47,,,
19/07/2025,103,76,248,47,,,
20/07/2025,80,84,0,46,,,
21/07/2025,0,83,0,45,,,
22/07/2025,104,81,265,42,,,
23/07/2025,87,77,0,43,,,
24/07/2025,83,75,230,44,,,
25/07/2025,0,81,0,45,,,
26/07/2025,92,71,242,48,,,
27/07/2025,0,82,0,43,,,
28/07/2025,103,64,0,48,,,
29/07/2025,68,75,269,45,,,
30/07/2025,104,81,0,44,,,
31/07/2025,0,80,244,46,,,
01/08/2025,88,72,0,44,,,
02/08/2025,86,70,217,47,,,
03/08/2025,94,72,0,46,,,
04/08/2025,0,81,0,44,,,
05/08/2025,107,74,268,44,,,
06/08/2025,91,72,0,48,,,
07/08/2025,72,74,178,45,,,
08/08/2025,42,77,0,45,,,
09/08/2025,124,70,223,48,,,
10/08/2025,110,79,0,46,,,
11/08/2025,72,81,0,46,,,
12/08/2025,115,82,258,45,,,
13/08/2025,97,83,0,45,,,
14/08/2025,0,84,0,45,,,
18/08/2024,95,80,0,51,21,151,64
19/08/2024,82,79,0,52,"1,3",116,63
20/08/2024,137,76,257,50,"23,1",160,53
21/08/2024,186,80,0,51,"19,4",272,40
22/08/2024,112,79,263,49,16,115,55
23/08/2024,93,73,0,52,1,119,58
24/08/2024,221,65,231,53,"35,6",115,26
25/08/2024,112,80,0,51,"24,4",151,56
26/08/2024,114,79,0,50,"13,2",231,55
27/08/2024,165,76,265,51,"25,9",139,38
28/08/2024,179,80,0,49,"17,8",267,40
29/08/2024,103,73,271,50,"15,2",0,51
30/08/2024,115,79,0,52,"1,5",124,55
31/08/2024,219,76,0,49,"34,2",137,30
01/09/2024,117,75,235,50,"25,7",158,52
02/09/2024,89,77,0,50,"1,2",123,61
03/09/2024,212,71,270,49,"16,6",128,28
04/09/2024,125,79,0,53,"25,4",146,55
05/09/2024,78,79,270,47,"13,8",0,63
06/09/2024,112,77,0,47,"1,6",124,53
07/09/2024,232,76,230,48,"35,6",165,30
08/09/2024,110,82,0,52,"23,6",166,57
09/09/2024,102,83,0,52,"1,8",124,58
10/09/2024,90,85,256,52,"12,2",0,68
11/09/2024,240,85,0,51,"25,7",265,34
12/09/2024,157,86,283,52,"14,6",122,43
13/09/2024,113,84,0,50,"1,5",122,58
14/09/2024,227,84,230,51,"33,8",160,33
15/09/2024,114,80,0,52,"24,5",154,56
16/09/2024,138,86,0,51,"14,2",243,60
17/09/2024,98,86,258,51,"13,2",0,68
18/09/2024,197,83,0,51,"18,2",268,41
19/09/2024,61,83,251,49,"9,9",0,74
20/09/2024,164,80,0,52,"14,2",231,40
21/09/2024,164,86,231,50,28,155,43
22/09/2024,72,84,0,48,"16,1",155,67
23/09/2024,0,86,0,51,0,0,81
24/09/2024,76,86,257,46,"9,3",0,74
25/09/2024,163,89,0,48,"13,4",260,44
26/09/2024,32,89,183,48,7,130,71
27/09/2024,51,83,0,49,"10,9",129,66
28/09/2024,230,83,231,49,"12,2",0,36
29/09/2024,0,88,0,50,0,0,83
30/09/2024,104,85,0,48,"1,1",125,59
01/10/2024,52,79,273,47,"9,3",0,63
02/10/2024,197,85,0,47,"17,5",273,42
03/10/2024,103,85,183,0,"13,9",0,70
04/10/2024,168,82,0,47,"12,6",274,41
05/10/2024,187,62,235,51,"29,8",159,31
06/10/2024,109,82,0,50,24,158,57
07/10/2024,78,82,0,51,"1,3",121,65
08/10/2024,81,85,226,51,"10,9",0,68
09/10/2024,187,86,0,50,16,272,43
10/10/2024,87,78,208,50,"12,5",0,62
11/10/2024,54,79,0,51,"11,2",153,63
12/10/2024,0,86,0,48,0,0,81
13/10/2024,330,79,0,51,31,0,31
14/10/2024,115,89,0,49,"0,5",99,62
15/10/2024,146,72,180,54,"11,7",127,50
16/10/2024,197,79,0,52,"18,7",272,39
17/10/2024,97,75,267,51,"12,2",0,60
18/10/2024,115,80,0,50,"1,1",128,56
19/10/2024,244,67,233,52,"37,4",165,26
20/10/2024,109,81,0,52,"24,5",154,56
21/10/2024,146,83,0,51,"13,2",246,58
22/10/2024,94,78,268,51,12,0,62
23/10/2024,201,83,0,49,"18,4",265,33
24/10/2024,62,79,179,48,"8,4",0,63
25/10/2024,115,79,0,51,"1,4",125,55
26/10/2024,207,68,235,49,"31,2",158,27
27/10/2024,102,90,0,47,"21,1",158,63
28/10/2024,43,87,0,48,"1,7",142,69
29/10/2024,68,85,232,46,"8,6",0,68
30/10/2024,169,85,0,46,"12,2",277,46
31/10/2024,46,89,223,48,"6,3",0,71
01/11/2024,0,89,0,49,0,0,84
02/11/2024,47,82,0,47,"9,9",152,65
03/11/2024,320,74,217,49,0,0,29
04/11/2024,83,78,0,52,"0,7",110,62
05/11/2024,79,76,171,49,"11,7",0,60
06/11/2024,132,84,0,50,"13,7",278,58
07/11/2024,108,85,222,49,"14,2",0,59
08/11/2024,149,84,0,50,"13,6",276,58
09/11/2024,171,74,225,51,"22,9",0,37
10/11/2024,106,77,0,50,"22,9",154,53
11/11/2024,75,68,0,49,"1,5",115,54
12/11/2024,180,75,272,51,"27,9",144,37
13/11/2024,115,84,0,46,"23,6",156,58
14/11/2024,146,72,246,51,"13,9",131,50
15/11/2024,115,79,0,50,"1,7",116,55
16/11/2024,239,70,232,50,"37,5",161,28
17/11/2024,95,81,0,49,"21,4",144,64
18/11/2024,121,79,0,48,"15,7",0,55
19/11/2024,165,86,0,49,13,258,43
20/11/2024,238,80,169,49,"26,9",253,32
21/11/2024,163,71,184,52,13,129,35
22/11/2024,106,79,0,49,"1,1",118,55
23/11/2024,283,73,274,50,"40,8",157,29
24/11/2024,215,68,0,51,"29,1",285,27
25/11/2024,84,81,0,49,"0,8",120,64
26/11/2024,169,77,272,48,"25,4",155,38
27/11/2024,239,83,0,47,"26,8",252,33
28/11/2024,189,81,279,46,"12,9",119,40
29/11/2024,101,80,0,47,"1,3",117,56
30/11/2024,307,65,185,48,"44,5",146,26
01/12/2024,111,78,0,47,"24,5",150,54
02/12/2024,112,80,0,47,"14,6",243,56
03/12/2024,0,81,229,48,0,0,76
04/12/2024,0,84,0,51,0,0,79
05/12/2024,99,77,254,50,"8,4",257,61
06/12/2024,17,73,0,50,"11,6",100,58
07/12/2024,66,71,268,47,"33,5",150,56
08/12/2024,72,84,0,47,"16,5",139,67
09/12/2024,72,81,0,48,"0,9",133,64
10/12/2024,0,72,260,47,"15,8",0,68
11/12/2024,91,76,0,48,12,288,60
12/12/2024,0,80,235,50,0,0,76
13/12/2024,31,78,0,49,"0,3",114,62
14/12/2024,0,69,181,49,0,0,65
15/12/2024,0,78,0,49,0,0,74
16/12/2024,36,84,0,50,"13,1",82,67
17/12/2024,0,83,262,47,0,0,78
18/12/2024,115,74,0,46,"1,6",112,51
19/12/2024,98,82,248,48,28,252,65
20/12/2024,0,84,0,48,0,0,79
21/12/2024,69,68,179,52,"1,3",129,54
22/12/2024,93,79,0,52,"1,7",127,63
23/12/2024,47,85,0,46,"11,2",154,68
24/12/2024,55,86,187,46,"12,5",151,68
25/12/2024,74,77,0,50,"16,6",140,61
26/12/2024,52,86,252,45,"12,4",154,68
27/12/2024,25,79,0,48,"9,1",114,63
28/12/2024,63,85,192,46,"14,7",136,68
29/12/2024,0,78,0,51,0,0,74
30/12/2024,93,78,0,0,"13,4",276,80
31/12/2024,124,81,196,47,"11,7",270,56
01/01/2025,75,72,0,51,"15,8",167,57
02/01/2025,60,81,0,51,"21,5",137,64
03/01/2025,169,86,0,51,20,293,43
04/01/2025,81,83,0,53,29,117,66
05/01/2025,109,84,0,48,"23,4",156,58
06/01/2025,111,81,0,50,"15,1",246,56
07/01/2025,50,73,0,49,"17,9",123,58
08/01/2025,192,82,0,47,"27,2",426,41
09/01/2025,50,84,246,47,"18,1",130,67
10/01/2025,186,78,0,49,26,412,39
11/01/2025,90,85,179,49,"32,2",126,68
12/01/2025,111,83,0,50,"24,3",153,58
13/01/2025,94,80,0,47,"12,4",252,64
14/01/2025,45,80,247,48,"16,3",135,64
15/01/2025,114,84,0,50,"13,3",293,58
16/01/2025,38,78,251,48,"13,6",124,62
17/01/2025,7,76,0,46,0,121,60
18/01/2025,76,58,179,52,"14,5",166,46
19/01/2025,0,82,0,45,0,0,77
20/01/2025,115,77,176,44,"15,2",245,53
21/01/2025,45,75,251,48,"16,1",122,60
22/01/2025,192,74,210,47,"18,9",278,37
23/01/2025,45,78,0,46,"16,1",136,62
24/01/2025,107,80,0,47,"23,9",159,56
25/01/2025,231,69,0,46,38,159,27
26/01/2025,80,82,0,44,"28,7",107,65
27/01/2025,85,81,0,49,"1,1",119,64
28/01/2025,0,82,244,47,0,0,77
29/01/2025,117,74,0,48,"29,6",287,51
30/01/2025,75,76,244,48,"11,9",0,60
31/01/2025,101,77,0,46,"1,5",127,53
01/02/2025,248,67,216,47,38,162,26
02/02/2025,115,67,0,0,"19,6",141,70
03/02/2025,74,77,0,51,"1,5",124,61
04/02/2025,132,83,264,51,"17,7",0,58
05/02/2025,145,85,0,49,"38,3",290,59
06/02/2025,79,72,246,50,"10,9",0,57
07/02/2025,94,77,0,49,"1,1",133,61
08/02/2025,243,73,227,48,"36,6",162,29
09/02/2025,116,80,0,46,"25,7",149,56
10/02/2025,96,73,0,52,"12,4",261,58
11/02/2025,123,76,170,47,"15,5",0,53
12/02/2025,213,81,0,48,"31,3",413,32
13/02/2025,85,74,238,49,"10,6",0,59
14/02/2025,97,79,0,48,"1,2",119,63
15/02/2025,267,63,227,49,"42,8",164,25
16/02/2025,114,84,0,46,"24,9",151,58
17/02/2025,110,87,0,46,"13,1",240,60
18/02/2025,161,83,266,45,"23,3",153,41
19/02/2025,172,85,0,46,"20,2",265,42
20/02/2025,79,85,232,45,"10,8",0,75
21/02/2025,107,84,0,46,"0,7",120,58
22/02/2025,257,76,215,45,"36,5",159,30
23/02/2025,104,81,0,45,"24,4",155,56
24/02/2025,79,81,0,49,"12,5",243,64
25/02/2025,104,78,227,44,"12,8",0,54
26/02/2025,206,82,0,47,"30,9",393,32
27/02/2025,60,79,0,46,"10,1",0,63
28/02/2025,101,75,233,50,"1,9",129,52
01/03/2025,188,79,0,48,"28,3",156,39
02/03/2025,123,89,0,45,"31,2",265,62
03/03/2025,56,84,0,47,"0,8",123,67
04/03/2025,81,79,225,48,9,0,63
05/03/2025,105,88,0,48,"13,5",264,61
06/03/2025,72,86,0,47,"8,9",137,68
07/03/2025,0,81,0,45,0,0,76
08/03/2025,57,84,62,42,"12,4",143,67
09/03/2025,360,71,223,50,0,0,28
10/03/2025,94,86,0,48,"0,6",113,68
11/03/2025,72,75,165,50,"11,1",0,60
12/03/2025,167,84,0,47,"24,6",393,42
13/03/2025,223,86,0,49,"13,2",110,34
14/03/2025,76,79,0,48,"15,3",155,63
15/03/2025,178,75,228,50,"23,8",0,37
16/03/2025,112,71,0,49,"23,9",154,49
17/03/2025,106,85,0,47,"0,7",120,59
18/03/2025,129,82,256,48,"16,4",0,57
19/03/2025,215,76,0,52,"27,9",409,30
20/03/2025,137,88,174,48,"23,8",155,61
21/03/2025,115,78,0,49,"1,6",119,54
22/03/2025,270,68,224,48,"41,7",152,27
23/03/2025,115,84,0,48,"25,6",145,58
24/03/2025,49,83,0,47,"11,2",145,66
25/03/2025,227,74,251,46,"14,7",116,29
26/03/2025,202,80,0,48,"27,7",390,32
27/03/2025,72,74,172,48,"11,1",0,59
28/03/2025,102,80,0,49,"1,2",120,56
29/03/2025,186,68,233,50,"28,6",163,34
30/03/2025,90,85,0,47,"19,2",160,68
31/03/2025,115,84,0,50,"0,3",109,58
01/04/2025,71,75,223,49,"8,7",0,60
02/04/2025,67,83,0,48,"14,3",150,66
03/04/2025,37,79,0,46,"0,4",120,63
04/04/2025,14,84,0,47,"2,3",107,67
05/04/2025,36,76,195,51,"8,1",148,60
06/04/2025,384,66,220,52,"53,4",319,26
07/04/2025,0,83,0,50,0,0,78
08/04/2025,72,79,170,48,"11,3",0,63
09/04/2025,151,77,0,49,"13,2",265,38
10/04/2025,89,74,233,51,"11,6",0,59
11/04/2025,136,73,0,50,"14,1",267,51
12/04/2025,235,64,217,50,"36,9",157,25
13/04/2025,111,77,0,51,"23,7",158,53
14/04/2025,115,77,0,51,1,118,53
15/04/2025,149,78,264,54,"24,6",149,54
16/04/2025,196,82,0,49,"20,5",281,41
17/04/2025,98,75,244,47,"13,7",0,60
18/04/2025,146,84,220,50,"12,7",232,58
19/04/2025,263,73,0,50,"40,4",155,29
20/04/2025,139,84,0,47,"29,7",149,58
21/04/2025,106,84,0,48,"1,7",117,58
22/04/2025,173,76,254,50,"25,2",155,38
23/04/2025,166,79,161,49,18,276,39
24/04/2025,217,81,224,50,"12,7",110,32
25/04/2025,100,83,0,51,1,121,66
26/04/2025,283,71,225,48,"44,5",156,28
27/04/2025,141,89,0,48,"30,2",155,62
28/04/2025,115,82,0,48,"1,8",126,57
29/04/2025,129,80,259,46,"16,7",0,56
30/04/2025,283,81,164,51,"36,9",280,32
01/05/2025,116,82,180,47,"16,1",0,57
02/05/2025,115,82,0,48,"1,4",124,57
03/05/2025,306,69,225,48,"49,4",158,27
04/05/2025,94,84,0,51,"19,7",152,67
05/05/2025,115,81,0,48,"2,3",116,56
06/05/2025,135,81,255,48,"16,3",0,56
07/05/2025,295,80,161,47,"40,8",276,32
08/05/2025,58,85,162,46,"8,3",0,68
09/05/2025,100,80,0,49,"1,2",117,64
10/05/2025,364,67,226,50,"58,2",156,26
11/05/2025,104,85,0,49,"21,6",150,59
12/05/2025,107,85,0,47,"1,1",117,59
13/05/2025,156,82,255,46,"22,7",152,41
14/05/2025,259,82,0,50,"34,9",272,32
15/05/2025,98,83,166,48,"14,3",0,66
16/05/2025,106,82,0,47,"1,8",123,57
17/05/2025,334,73,214,49,"51,6",143,29
18/05/2025,80,88,0,47,"17,3",146,70
19/05/2025,115,87,0,46,"1,6",126,60
20/05/2025,101,85,236,49,"12,6",0,59
06/07/2025,110,81,0,53,"23,9",156,56
07/07/2025,115,88,0,50,"0,9",125,61
08/07/2025,243,84,266,49,"16,3",123,33
09/07/2025,78,77,0,50,"16,9",154,61
10/07/2025,215,73,234,53,"15,1",108,29
11/07/2025,88,79,0,53,"18,6",153,63
12/07/2025,198,74,207,52,"25,9",0,37
13/07/2025,116,82,0,51,"24,8",151,57
14/07/2025,101,82,0,50,"0,9",123,57
15/07/2025,123,79,269,49,"14,8",0,55
16/07/2025,173,79,0,53,"17,5",271,39
17/07/2025,188,79,248,0,"14,9",114,50
18/07/2025,172,75,0,54,"17,4",290,37
19/07/2025,236,68,248,55,"27,4",0,27
20/07/2025,86,77,0,53,"18,6",154,61
21/07/2025,115,82,0,55,"1,1",125,57
22/07/2025,114,84,265,50,"13,5",0,58
23/07/2025,223,82,0,50,"25,6",288,32
24/07/2025,132,90,230,49,"17,9",0,63
25/07/2025,176,81,0,51,"16,7",285,40
26/07/2025,49,81,242,0,"8,4",0,80
27/07/2025,73,80,0,53,"13,6",161,64
28/07/2025,112,83,0,50,"1,5",135,58
29/07/2025,81,83,269,0,"9,6",0,80
30/07/2025,79,80,0,49,"17,2",151,64
31/07/2025,131,78,244,51,"31,5",224,54
01/08/2025,179,78,0,52,"17,9",276,39
02/08/2025,213,64,217,53,"29,7",0,25
03/08/2025,116,85,0,50,"24,9",154,59
04/08/2025,114,82,0,48,"0,9",116,57
05/08/2025,39,72,268,54,"9,2",145,57
06/08/2025,70,78,0,50,16,156,62
07/08/2025,86,86,178,49,"19,9",158,68
08/08/2025,0,85,0,50,"3,5",136,80
09/08/2025,101,83,223,51,"23,8",148,58
10/08/2025,77,86,0,50,"10,4",272,68
11/08/2025,70,82,0,48,"5,1",144,65
12/08/2025,0,85,258,49,0,0,80
13/08/2025,78,85,0,48,17,155,68
14/08/2025,142,81,235,51,"10,1",121,56
15/08/2025,84,56,0,54,"18,1",155,44
16/08/2025,171,79,221,53,"25,2",173,39
17/08/2025,116,78,0,52,"24,9",153,54
18/08/2025,0,78,0,0,0,0,95
21/05/2025,109,85,0,0,"22,9",147,70
22/05/2025,171,85,0,49,"11,3",122,42
23/05/2025,115,80,0,50,"1,3",126,56
24/05/2025,229,71,190,50,"36,6",156,28
25/05/2025,109,83,0,52,"22,9",152,58
26/05/2025,0,83,0,46,0,0,87
27/05/2025,83,83,207,0,"1,1",119,80
28/05/2025,49,87,0,46,"10,7",148,69
29/05/2025,37,73,169,48,"5,3",0,58
30/05/2025,40,78,0,49,"0,5",117,62
31/05/2025,40,75,0,50,"8,8",144,60
01/06/2025,622,77,194,52,"104,2",296,30
02/06/2025,0,79,0,52,0,0,75
03/06/2025,0,85,0,53,0,0,80
04/06/2025,67,79,0,50,"0,5",106,63
05/06/2025,59,79,165,0,"16,8",124,80
06/06/2025,0,76,0,52,0,0,72
07/06/2025,0,61,166,55,"17,2",0,57
08/06/2025,59,78,0,53,"12,9",159,62
09/06/2025,54,79,0,52,"0,8",124,63
10/06/2025,69,70,209,53,"9,7",0,56
11/06/2025,125,74,0,54,"19,6",390,51
12/06/2025,71,80,188,53,"9,9",0,64
13/06/2025,113,77,0,49,"12,5",240,53
14/06/2025,0,78,217,53,17,0,74
15/06/2025,79,78,0,53,"17,1",152,62
16/06/2025,90,81,0,51,"12,6",0,64
17/06/2025,0,83,226,49,0,0,78
18/06/2025,0,83,0,0,0,0,95
19/06/2025,121,78,225,50,"13,1",276,54
20/06/2025,97,79,0,49,11,279,63
21/06/2025,107,81,178,49,"30,2",274,56
22/06/2025,134,80,0,51,"11,8",278,56
23/06/2025,45,87,0,50,"0,4",133,69
24/06/2025,81,82,259,49,"22,7",272,65
25/06/2025,0,88,0,48,0,0,83
26/06/2025,58,84,231,49,"9,6",0,67
27/06/2025,152,82,0,47,"20,8",401,41
28/06/2025,104,75,184,52,"15,5",0,52
29/06/2025,86,76,0,52,"19,1",150,60
30/06/2025,115,81,0,52,"0,1",116,56
01/07/2025,207,76,266,51,"12,4",121,30
02/07/2025,97,77,0,54,"25,4",283,61
03/07/2025,212,82,228,54,"13,8",117,32
04/07/2025,150,79,0,52,"13,7",286,55
05/07/2025,115,67,212,53,"16,8",0,46
18/08/2024,142,73,0,48,"23,8",263,51
19/08/2024,115,83,0,43,"1,4",102,58
20/08/2024,161,80,257,46,"24,2",270,40
21/08/2024,184,87,0,43,"13,6",232,43
22/08/2024,120,80,263,46,"15,6",136,56
23/08/2024,115,85,0,41,"1,3",105,59
24/08/2024,187,79,231,43,"26,8",296,39
25/08/2024,106,79,0,47,"18,8",145,55
26/08/2024,92,86,0,43,1,113,68
27/08/2024,175,84,265,44,"26,1",275,42
28/08/2024,186,80,0,44,"14,7",257,40
29/08/2024,122,78,271,45,"15,8",132,54
30/08/2024,115,81,0,45,"1,3",117,56
31/08/2024,222,77,0,45,"31,5",306,30
01/09/2024,122,75,235,48,"22,1",137,52
02/09/2024,115,79,0,46,"1,2",115,55
03/09/2024,170,79,270,46,"23,2",265,39
04/09/2024,99,83,0,46,18,138,66
05/09/2024,227,76,270,48,"17,6",237,30
06/09/2024,115,78,0,47,"1,3",101,54
07/09/2024,235,75,230,47,33,295,30
08/09/2024,108,79,0,44,"18,8",131,55
09/09/2024,115,79,0,43,"1,3",123,55
10/09/2024,113,78,256,50,"14,2",133,54
11/09/2024,115,80,0,47,"19,7",134,56
12/09/2024,226,74,283,49,"17,8",251,29
13/09/2024,115,81,0,48,"1,2",114,56
14/09/2024,229,85,230,47,32,277,34
15/09/2024,130,73,0,44,"22,3",144,51
16/09/2024,115,73,0,41,"1,4",104,64
17/09/2024,119,73,258,40,"14,7",127,66
18/09/2024,186,84,0,44,"14,4",235,42
19/09/2024,113,84,251,42,"14,4",127,58
20/09/2024,115,84,0,46,"1,3",107,58
21/09/2024,179,83,231,46,"25,3",303,41
22/09/2024,82,73,0,47,"14,5",156,58
23/09/2024,0,73,0,0,0,0,95
24/09/2024,64,87,257,47,8,126,69
25/09/2024,60,69,0,48,"0,6",111,55
26/09/2024,71,69,183,0,"9,9",118,80
27/09/2024,37,77,0,48,"6,4",141,61
28/09/2024,0,77,231,0,0,0,95
29/09/2024,0,68,0,50,0,0,64
30/09/2024,0,79,0,48,0,0,75
01/10/2024,0,67,273,51,0,0,63
02/10/2024,115,66,0,50,"1,3",108,46
03/10/2024,0,79,183,53,0,0,75
04/10/2024,115,73,0,56,"1,2",97,51
05/10/2024,108,80,235,52,"16,2",136,56
06/10/2024,86,72,0,54,"14,2",136,57
07/10/2024,115,65,0,54,"1,4",97,45
08/10/2024,0,65,226,0,0,0,95
09/10/2024,115,71,0,55,"1,3",108,49
10/10/2024,126,77,208,54,"16,8",143,53
11/10/2024,167,75,0,51,"10,3",237,37
12/10/2024,126,90,0,44,"16,1",148,63
13/10/2024,83,63,0,51,"13,7",128,50
14/10/2024,115,69,0,52,"1,4",113,48
15/10/2024,78,85,180,50,"11,6",136,68
16/10/2024,0,69,0,51,0,0,65
17/10/2024,180,69,267,43,"17,3",275,47
18/10/2024,174,81,0,46,"9,9",267,40
19/10/2024,138,77,233,47,"19,6",136,53
20/10/2024,93,74,0,50,"14,5",133,59
21/10/2024,67,78,0,50,"0,6",108,62
22/10/2024,113,86,268,47,"14,3",142,60
23/10/2024,88,86,0,0,1,114,80
24/10/2024,133,86,179,46,"16,2",139,60
25/10/2024,114,88,0,49,"1,5",117,61
26/10/2024,106,78,235,48,"15,8",142,54
27/10/2024,98,74,0,50,"14,6",147,59
28/10/2024,110,80,0,51,"1,6",115,56
29/10/2024,120,80,232,46,"15,7",143,66
30/10/2024,168,86,0,47,"9,6",257,43
31/10/2024,129,85,223,50,16,147,59
01/11/2024,164,79,0,49,"9,6",268,39
02/11/2024,167,63,0,52,"22,3",143,31
03/11/2024,0,82,217,48,0,0,77
04/11/2024,94,76,0,50,"0,9",103,60
05/11/2024,63,80,171,50,"9,1",154,64
06/11/2024,101,70,0,52,"0,8",105,49
07/11/2024,109,85,222,50,16,145,59
08/11/2024,0,77,0,52,0,0,73
09/11/2024,0,66,225,53,0,0,62
10/11/2024,0,66,0,0,0,0,95
11/11/2024,0,65,0,56,0,0,61
12/11/2024,0,72,272,55,0,0,68
13/11/2024,0,51,0,57,0,0,48
14/11/2024,74,54,246,57,"11,4",145,43
15/11/2024,152,86,0,48,"7,8",249,43
16/11/2024,96,83,232,49,"17,7",130,66
17/11/2024,36,75,0,53,"6,6",126,60
18/11/2024,115,85,0,47,"1,2",104,59
19/11/2024,117,82,0,47,"14,2",138,57
20/11/2024,153,82,169,49,"7,9",276,41
21/11/2024,106,88,184,47,"13,9",136,61
22/11/2024,153,81,0,48,"7,9",270,40
23/11/2024,169,80,274,49,"23,2",125,40
24/11/2024,64,81,0,49,"11,2",162,64
25/11/2024,115,83,0,48,"1,4",104,58
26/11/2024,110,83,272,47,"13,9",134,58
27/11/2024,158,81,0,50,"8,9",260,40
28/11/2024,90,81,279,49,"11,5",135,64
29/11/2024,0,81,0,0,0,0,95
30/11/2024,63,62,185,51,"11,2",160,49
01/12/2024,193,80,0,48,"26,7",290,40
02/12/2024,115,84,0,48,"1,1",111,58
03/12/2024,132,79,229,46,"15,7",136,55
04/12/2024,190,74,0,47,"12,4",272,37
05/12/2024,111,72,254,46,"13,7",124,50
06/12/2024,187,77,0,46,"12,2",272,38
07/12/2024,213,75,268,44,"24,3",131,30
08/12/2024,89,82,0,47,"13,4",155,65
09/12/2024,115,45,0,50,"1,4",105,31
10/12/2024,142,45,260,43,"16,6",139,63
11/12/2024,178,88,0,47,"11,4",255,44
12/12/2024,134,86,235,46,15,133,60
13/12/2024,185,86,0,0,"12,3",259,50
14/12/2024,197,78,181,44,"25,4",132,39
15/12/2024,86,78,0,48,"13,3",147,62
16/12/2024,115,78,0,45,"1,4",126,66
17/12/2024,146,86,262,44,"16,8",140,60
18/12/2024,185,80,0,46,"12,6",255,40
19/12/2024,111,82,248,41,"15,4",131,57
20/12/2024,197,82,0,43,"14,6",257,45
21/12/2024,238,83,179,43,"30,5",133,33
22/12/2024,89,58,0,47,"13,7",142,46
23/12/2024,114,58,0,45,"1,4",128,63
24/12/2024,268,88,187,45,"18,4",247,35
25/12/2024,92,74,0,48,"14,4",142,59
26/12/2024,89,74,252,0,"12,1",133,80
27/12/2024,205,89,0,43,"15,6",249,35
28/12/2024,237,70,192,47,"30,6",130,28
29/12/2024,101,77,0,47,"15,6",150,53
30/12/2024,115,81,0,45,"1,2",110,56
31/12/2024,246,78,196,45,"19,8",387,31
01/01/2025,89,75,0,45,"14,3",153,60
02/01/2025,98,80,0,42,"12,7",137,64
03/01/2025,184,80,0,0,"12,5",245,50
04/01/2025,237,80,0,42,"30,7",130,38
05/01/2025,83,81,0,43,"13,8",155,64
06/01/2025,115,83,0,45,"1,3",113,58
07/01/2025,212,89,0,43,"27,3",288,35
08/01/2025,191,89,0,0,"14,7",262,50
09/01/2025,97,89,246,42,"13,2",135,75
10/01/2025,115,87,0,43,"1,3",109,60
11/01/2025,336,81,179,43,"42,9",287,32
12/01/2025,100,72,0,47,"16,8",150,57
13/01/2025,115,72,0,41,"1,4",102,66
14/01/2025,140,87,247,44,"16,2",141,60
15/01/2025,189,83,0,43,"14,7",256,41
16/01/2025,151,81,251,44,23,289,40
17/01/2025,115,80,0,47,"1,2",113,56
18/01/2025,284,72,179,44,"36,5",280,28
19/01/2025,102,75,0,44,"17,8",140,52
20/01/2025,112,81,176,42,"1,5",89,56
21/01/2025,104,86,251,38,"11,8",126,60
22/01/2025,196,77,210,41,"15,6",247,38
23/01/2025,88,84,0,44,"11,9",134,67
24/01/2025,115,85,0,41,"1,2",94,59
25/01/2025,201,77,0,44,"24,7",305,30
26/01/2025,111,79,0,46,"19,2",153,55
27/01/2025,0,84,0,42,0,0,79
28/01/2025,82,77,244,40,"10,1",0,61
29/01/2025,47,74,0,43,"8,7",136,59
30/01/2025,85,75,244,40,"7,3",242,60
31/01/2025,33,73,0,42,"5,9",147,58
01/02/2025,367,67,216,46,"48,2",298,26
02/02/2025,0,79,0,46,0,0,75
03/02/2025,0,79,0,0,0,0,95
04/02/2025,69,77,264,46,"10,6",119,61
05/02/2025,157,72,0,47,"12,2",254,36
06/02/2025,98,84,246,44,12,127,67
07/02/2025,166,74,0,47,"12,2",252,37
08/02/2025,145,78,227,45,"16,5",131,54
09/02/2025,66,66,0,50,"11,2",150,52
10/02/2025,115,86,0,46,"1,3",127,60
11/02/2025,154,86,170,41,"21,6",283,46
12/02/2025,120,77,0,49,"21,3",143,53
13/02/2025,222,88,238,43,"14,7",226,35
14/02/2025,115,88,0,0,"1,2",97,70
15/02/2025,259,70,227,45,"34,4",286,28
16/02/2025,105,75,0,47,"17,9",149,52
17/02/2025,111,83,0,48,"1,5",111,58
18/02/2025,151,86,266,44,"21,5",269,43
19/02/2025,111,74,0,47,"20,1",143,51
20/02/2025,208,74,232,43,"12,6",230,36
21/02/2025,115,83,0,46,"1,1",94,58
22/02/2025,254,77,215,43,"34,5",278,30
23/02/2025,110,79,0,48,"18,9",146,55
24/02/2025,115,79,0,43,"1,3",105,64
25/02/2025,159,79,227,0,22,279,50
26/02/2025,112,79,0,0,20,139,70
27/02/2025,207,84,0,45,"12,1",224,33
28/02/2025,115,83,233,47,"1,2",101,58
01/03/2025,297,84,0,43,"38,9",284,33
02/03/2025,131,82,0,45,"22,4",149,57
03/03/2025,91,87,0,45,"1,3",101,69
04/03/2025,110,86,225,48,"13,1",131,60
05/03/2025,183,80,0,47,"13,5",251,40
06/03/2025,109,76,0,46,"12,6",130,53
07/03/2025,95,77,0,47,"0,7",98,61
08/03/2025,183,72,62,50,"24,6",295,36
09/03/2025,98,75,223,51,"15,6",153,60
10/03/2025,0,75,0,0,0,0,95
11/03/2025,70,73,165,51,"8,1",141,58
12/03/2025,108,81,0,51,"9,5",244,56
13/03/2025,68,81,0,44,8,126,76
14/03/2025,26,81,0,0,"0,4",119,80
15/03/2025,34,81,228,46,6,150,64
16/03/2025,397,85,0,46,"48,3",453,34
17/03/2025,0,80,0,49,0,0,76
18/03/2025,73,83,256,48,"10,8",127,66
19/03/2025,141,81,0,50,10,248,56
20/03/2025,99,84,174,47,"12,1",134,67
21/03/2025,115,84,0,0,"1,2",110,70
22/03/2025,245,70,224,51,32,290,28
23/03/2025,97,70,0,44,"17,7",152,72
24/03/2025,115,88,0,48,"1,3",112,61
25/03/2025,176,88,251,42,24,274,46
26/03/2025,200,84,0,46,"15,9",261,42
27/03/2025,89,86,172,45,12,129,68
28/03/2025,115,84,0,47,"1,2",109,58
29/03/2025,231,87,233,42,"29,9",293,34
30/03/2025,100,85,0,45,"15,7",154,68
31/03/2025,62,84,0,42,"0,8",103,67
01/04/2025,91,78,223,40,"8,8",137,62
02/04/2025,100,81,0,41,"10,6",245,64
03/04/2025,68,74,0,42,"8,2",139,59
04/04/2025,49,76,0,40,"2,1",118,60
05/04/2025,40,73,195,42,"6,7",154,58
06/04/2025,379,82,220,45,"45,7",428,32
07/04/2025,0,82,0,0,0,0,95
08/04/2025,78,85,170,47,"11,2",126,68
09/04/2025,156,67,0,46,11,235,33
10/04/2025,110,75,233,48,"13,6",124,52
11/04/2025,184,86,0,45,"12,4",269,43
12/04/2025,207,66,217,48,"23,8",121,26
13/04/2025,109,74,0,47,"17,7",152,51
14/04/2025,115,67,0,49,"1,4",106,46
15/04/2025,158,75,264,48,"21,2",279,37
16/04/2025,202,71,0,48,"15,9",246,28
17/04/2025,233,70,244,48,14,236,28
18/04/2025,67,73,220,49,"11,1",147,58
19/04/2025,111,73,0,0,"12,9",254,70
20/04/2025,81,72,0,46,"11,5",118,57
21/04/2025,115,72,0,41,"1,4",113,64
22/04/2025,139,83,254,42,"18,3",272,58
23/04/2025,211,84,161,44,"17,2",254,33
24/04/2025,114,79,224,46,"15,7",129,55
25/04/2025,115,81,0,46,"1,3",114,56
26/04/2025,274,81,225,46,"39,4",276,32
27/04/2025,139,80,0,48,"22,7",150,56
28/04/2025,115,85,0,45,"1,6",120,59
29/04/2025,147,82,259,46,"17,9",136,57
30/04/2025,261,84,164,46,"25,3",245,33
01/05/2025,128,73,180,48,"17,8",123,51
02/05/2025,115,75,0,46,"1,1",108,52
03/05/2025,349,75,225,0,"48,2",277,40
04/05/2025,77,77,0,46,"13,3",138,61
05/05/2025,115,77,0,42,2,121,63
06/05/2025,149,77,255,0,"17,7",131,70
07/05/2025,270,86,161,43,27,246,34
08/05/2025,89,84,162,45,12,133,67
09/05/2025,115,74,0,48,1,96,51
10/05/2025,381,82,226,48,"52,8",280,32
11/05/2025,89,71,0,48,"14,6",147,56
12/05/2025,115,82,0,50,1,104,57
13/05/2025,181,81,255,47,"22,2",298,40
14/05/2025,273,74,0,50,28,251,29
15/05/2025,217,57,166,52,"20,1",230,22
16/05/2025,115,81,0,52,"1,4",114,56
17/05/2025,77,88,214,44,"12,7",150,70
18/05/2025,334,61,0,52,46,278,24
19/05/2025,0,75,0,53,0,0,71
20/05/2025,85,84,236,49,"9,1",132,67
06/07/2025,94,76,0,51,"15,9",158,60
07/07/2025,94,73,0,54,"0,9",112,58
08/07/2025,111,85,266,49,"17,1",276,59
09/07/2025,73,82,0,47,11,172,65
10/07/2025,163,82,234,0,"12,6",246,50
11/07/2025,177,85,0,48,"11,8",252,42
12/07/2025,171,79,207,48,"23,6",141,39
13/07/2025,100,75,0,48,"17,3",152,60
14/07/2025,64,83,0,50,"0,6",101,66
15/07/2025,132,83,269,48,"18,1",291,58
16/07/2025,101,86,0,45,"17,6",147,60
17/07/2025,199,80,248,51,"12,6",218,40
18/07/2025,178,80,0,41,"12,6",250,46
19/07/2025,180,80,248,44,25,130,45
20/07/2025,100,86,0,45,"16,9",148,68
21/07/2025,61,84,0,47,"0,6",100,67
22/07/2025,137,84,265,47,18,295,58
23/07/2025,118,83,0,46,"20,3",153,58
24/07/2025,84,84,230,45,"11,7",128,67
25/07/2025,65,81,0,47,"12,1",141,64
26/07/2025,210,74,242,49,"25,9",130,29
27/07/2025,115,78,0,49,"19,2",150,54
28/07/2025,63,83,0,46,"0,6",95,66
29/07/2025,130,75,269,45,"15,5",130,52
30/07/2025,130,76,0,49,"22,4",150,53
31/07/2025,111,73,244,43,"15,6",125,51
01/08/2025,91,82,0,45,"0,9",95,65
02/08/2025,197,73,217,45,"25,9",280,36
03/08/2025,103,77,0,47,18,152,53
04/08/2025,115,73,0,46,"1,2",105,51
05/08/2025,92,77,268,46,"16,2",154,61
06/08/2025,87,77,0,0,"13,9",158,80
07/08/2025,81,77,178,48,"13,6",158,61
08/08/2025,90,70,0,49,"15,7",146,56
09/08/2025,0,71,223,51,0,0,67
10/08/2025,113,70,0,48,"19,4",150,49
11/08/2025,87,68,0,55,1,137,54
12/08/2025,129,71,258,51,"15,6",129,49
13/08/2025,132,72,0,52,"22,7",143,50
14/08/2025,203,69,235,46,"16,2",224,27
15/08/2025,115,69,0,47,"1,2",110,63
16/08/2025,208,88,221,47,"28,1",294,35
17/08/2025,96,81,0,47,"16,4",158,64
18/08/2025,130,75,0,51,"1,1",101,52
21/05/2025,169,84,0,46,"13,4",252,42
22/05/2025,60,71,0,48,"8,7",120,56
23/05/2025,105,78,0,48,"0,7",85,54
24/05/2025,212,65,190,49,"31,1",283,26
25/05/2025,103,65,0,52,"17,6",146,45
26/05/2025,0,72,0,51,0,0,68
27/05/2025,28,73,207,43,"3,3",0,58
28/05/2025,84,72,0,48,"10,5",261,57
29/05/2025,0,75,169,44,0,0,71
30/05/2025,44,76,0,46,"0,7",132,60
31/05/2025,36,70,0,48,"6,2",154,56
01/06/2025,612,53,194,51,"89,8",394,21
02/06/2025,0,78,0,47,0,0,74
03/06/2025,0,72,0,51,0,0,68
04/06/2025,58,77,0,48,"0,7",94,61
05/06/2025,0,75,165,50,0,0,71
06/06/2025,59,73,0,50,"0,7",121,58
07/06/2025,78,61,166,50,"11,3",138,48
08/06/2025,53,55,0,53,"9,1",150,44
09/06/2025,57,72,0,51,"0,7",119,57
10/06/2025,64,75,209,52,"7,6",128,60
11/06/2025,43,72,0,52,"7,3",146,57
12/06/2025,69,73,188,51,8,133,58
13/06/2025,124,73,0,50,"9,5",246,51
14/06/2025,96,68,217,51,"11,4",135,54
15/06/2025,54,73,0,51,9,157,58
16/06/2025,115,81,0,49,"1,1",106,56
17/06/2025,100,79,226,49,"11,8",131,63
18/06/2025,180,80,0,50,"12,1",246,40
19/06/2025,95,83,225,49,"11,5",132,66
20/06/2025,133,76,0,51,"21,2",287,53
21/06/2025,127,74,178,53,"16,4",138,51
22/06/2025,79,69,0,52,"13,5",160,55
23/06/2025,102,67,0,55,"0,7",106,46
24/06/2025,104,80,259,54,"11,7",143,56
25/06/2025,179,79,0,53,"14,3",236,39
26/06/2025,108,79,231,0,"13,2",137,70
27/06/2025,191,79,0,47,"14,6",252,45
28/06/2025,89,73,184,50,"12,6",133,58
29/06/2025,70,79,0,48,"12,4",152,63
30/06/2025,104,86,0,47,"0,7",98,60
01/07/2025,97,82,266,46,"11,7",140,65
02/07/2025,163,84,0,48,13,285,42
03/07/2025,106,78,228,51,"13,2",136,54
04/07/2025,191,79,0,50,"14,5",264,39
05/07/2025,114,78,212,52,"15,7",141,54
18/08/2024,0,68,0,42,0,0,64
19/08/2024,74,72,0,46,18,131,57
20/08/2024,97,61,257,46,"14,1",0,48
21/08/2024,185,68,0,48,"17,9",255,34
22/08/2024,94,69,263,46,"15,3",0,55
23/08/2024,115,71,0,49,1,120,49
24/08/2024,172,61,231,45,"33,6",144,30
25/08/2024,70,81,0,42,"19,1",154,64
26/08/2024,72,73,0,46,"0,6",125,58
27/08/2024,165,76,265,41,"30,8",281,38
28/08/2024,166,70,0,47,"19,9",263,35
29/08/2024,103,73,271,43,"15,8",0,51
30/08/2024,106,74,0,44,"0,9",111,51
31/08/2024,119,74,0,40,"25,5",155,51
01/09/2024,89,80,235,40,"23,2",157,64
02/09/2024,82,74,0,42,"0,7",125,59
03/09/2024,147,64,270,44,"26,5",136,44
04/09/2024,106,72,0,44,"26,8",151,50
05/09/2024,110,69,270,46,"12,7",124,48
06/09/2024,114,72,0,45,"0,8",121,50
07/09/2024,218,69,230,44,"39,7",150,27
08/09/2024,78,72,0,46,"21,9",146,57
09/09/2024,94,86,0,44,"0,7",128,68
10/09/2024,96,79,256,48,"13,9",0,63
11/09/2024,118,83,0,47,"30,3",148,58
12/09/2024,137,89,283,48,"9,6",117,62
13/09/2024,106,87,0,45,1,125,60
14/09/2024,220,83,230,45,"39,3",154,33
15/09/2024,91,86,0,43,25,151,68
16/09/2024,88,89,0,42,"0,2",111,71
17/09/2024,99,83,258,43,"14,9",0,66
18/09/2024,160,81,0,43,"19,2",265,40
19/09/2024,44,81,251,40,"10,1",0,75
20/09/2024,114,84,0,41,"0,6",113,58
21/09/2024,172,86,231,41,"30,8",153,43
22/09/2024,64,81,0,44,"17,8",134,64
23/09/2024,0,81,0,41,0,0,76
24/09/2024,71,89,257,41,"9,9",0,71
25/09/2024,160,81,0,42,"11,7",248,40
26/09/2024,25,77,183,46,"7,3",128,61
27/09/2024,40,77,0,41,"11,1",139,72
28/09/2024,107,85,231,42,"15,8",0,59
29/09/2024,0,77,0,45,0,0,73
30/09/2024,61,84,0,40,"0,6",115,67
01/10/2024,56,64,273,44,"11,5",0,51
02/10/2024,145,72,0,45,17,267,50
03/10/2024,115,82,183,47,"17,3",0,57
04/10/2024,151,77,0,46,"13,1",246,38
05/10/2024,205,70,235,45,"38,1",154,28
06/10/2024,78,77,0,45,22,143,61
07/10/2024,99,79,0,43,"0,4",111,63
08/10/2024,77,78,226,48,"0,7",114,62
09/10/2024,85,78,0,42,"0,5",129,62
10/10/2024,120,76,208,41,"18,4",0,53
11/10/2024,234,74,0,41,"42,9",162,29
12/10/2024,48,90,0,38,20,135,72
13/10/2024,0,89,0,37,0,0,84
14/10/2024,88,89,0,37,"0,9",114,73
15/10/2024,142,76,180,41,"14,7",140,53
16/10/2024,174,82,0,40,"14,7",276,41
17/10/2024,83,76,267,43,"13,9",0,60
18/10/2024,75,78,0,42,"0,6",127,62
19/10/2024,279,75,233,44,"47,1",163,30
20/10/2024,94,78,0,42,"25,2",157,62
21/10/2024,98,79,0,42,"0,7",120,63
22/10/2024,66,70,268,42,12,0,56
23/10/2024,97,70,0,45,"21,9",145,56
24/10/2024,146,65,179,46,"10,7",138,45
25/10/2024,115,73,0,46,"1,1",136,51
26/10/2024,203,66,235,46,"36,2",161,26
27/10/2024,74,74,0,46,"19,4",160,59
28/10/2024,0,69,0,44,0,0,65
29/10/2024,66,62,232,46,"9,9",0,49
30/10/2024,91,66,0,45,"11,2",287,52
31/10/2024,50,66,223,48,"8,5",0,52
01/11/2024,40,66,0,47,"0,3",131,52
02/11/2024,0,65,0,45,0,0,61
03/11/2024,374,64,217,42,60,324,25
04/11/2024,0,71,0,47,0,0,67
05/11/2024,0,71,171,38,0,0,87
06/11/2024,0,76,0,42,0,0,72
07/11/2024,0,76,222,43,0,0,72
08/11/2024,0,79,0,41,0,0,75
09/11/2024,0,76,225,45,0,0,72
10/11/2024,0,84,0,42,0,0,79
11/11/2024,79,75,0,41,"0,5",109,60
12/11/2024,109,63,272,45,"9,6",128,44
13/11/2024,91,71,0,46,"0,6",125,56
14/11/2024,55,61,246,47,"10,2",0,48
15/11/2024,96,67,0,46,"0,9",123,53
16/11/2024,145,69,232,48,"26,7",153,48
17/11/2024,63,70,0,49,"11,2",0,56
18/11/2024,57,68,0,47,"11,9",0,54
19/11/2024,183,69,0,47,"19,2",119,34
20/11/2024,115,78,169,50,"0,7",114,54
21/11/2024,147,76,184,48,"13,6",124,53
22/11/2024,114,74,0,49,"0,9",121,51
23/11/2024,205,70,274,46,"35,3",0,28
24/11/2024,73,76,0,45,"16,2",107,60
25/11/2024,89,82,0,43,"0,8",123,65
26/11/2024,99,73,272,50,"16,1",0,58
27/11/2024,146,74,0,47,"10,1",260,51
28/11/2024,155,74,279,47,"13,5",122,37
29/11/2024,172,73,0,45,"13,6",278,36
30/11/2024,212,66,185,48,"38,7",138,26
01/12/2024,40,75,0,48,"11,5",151,60
02/12/2024,190,80,0,45,"18,8",259,40
03/12/2024,75,78,229,46,16,135,62
04/12/2024,0,78,0,0,0,0,95
05/12/2024,0,83,254,47,0,0,78
06/12/2024,25,58,0,46,"4,8",0,46
07/12/2024,122,61,268,45,"25,1",159,42
08/12/2024,55,72,0,47,16,147,57
09/12/2024,64,85,0,45,"0,8",123,68
10/12/2024,47,67,260,46,"7,2",0,53
11/12/2024,75,71,0,46,"11,2",264,56
12/12/2024,0,78,235,45,0,0,74
13/12/2024,24,78,0,0,"0,3",120,80
14/12/2024,355,65,181,43,"59,5",301,26
15/12/2024,0,74,0,44,0,0,70
16/12/2024,0,81,0,41,0,0,76
17/12/2024,0,74,262,47,0,0,70
18/12/2024,0,67,0,46,0,0,63
19/12/2024,0,78,248,44,0,0,74
20/12/2024,0,76,0,49,0,0,72
21/12/2024,0,76,179,0,0,0,95
22/12/2024,0,76,0,0,0,0,95
23/12/2024,0,80,0,43,0,0,76
24/12/2024,0,85,187,42,0,0,80
25/12/2024,0,69,0,47,0,0,65
26/12/2024,0,77,252,43,0,0,73
27/12/2024,0,78,0,46,0,0,74
28/12/2024,0,80,192,45,0,0,76
29/12/2024,0,81,0,45,0,0,76
30/12/2024,0,82,0,48,0,0,77
31/12/2024,0,75,196,47,0,0,71
01/01/2025,0,66,0,49,0,0,62
02/01/2025,61,66,0,42,"0,7",111,74
03/01/2025,100,69,0,47,"0,6",116,55
04/01/2025,33,81,0,44,"0,1",120,64
05/01/2025,0,81,0,0,0,0,95
06/01/2025,83,71,0,43,"0,6",116,56
07/01/2025,95,53,0,49,"0,5",114,42
08/01/2025,115,61,0,49,"0,8",112,42
09/01/2025,80,72,246,49,"0,7",118,57
10/01/2025,97,73,0,47,"0,8",119,58
11/01/2025,42,83,179,40,"0,1",105,66
12/01/2025,0,79,0,41,0,0,75
13/01/2025,89,88,0,43,"0,7",120,70
14/01/2025,128,76,247,43,"9,9",125,53
15/01/2025,83,71,0,41,"0,7",122,56
16/01/2025,131,72,251,41,"10,2",124,50
17/01/2025,96,66,0,46,"0,6",121,52
18/01/2025,27,79,179,46,"5,9",128,63
19/01/2025,41,70,0,46,"8,9",0,56
20/01/2025,106,76,176,44,"0,7",112,53
21/01/2025,139,76,251,45,"11,3",119,53
22/01/2025,82,72,210,48,"0,7",114,57
23/01/2025,170,84,0,44,"12,4",116,42
24/01/2025,71,78,0,43,"0,5",116,62
25/01/2025,103,78,0,42,26,87,54
26/01/2025,50,78,0,44,"10,3",0,62
27/01/2025,94,75,0,45,"0,8",121,60
28/01/2025,157,76,244,44,"13,8",122,38
29/01/2025,111,84,0,45,"8,6",231,58
30/01/2025,63,84,244,0,"11,7",0,80
31/01/2025,129,77,0,46,"9,6",256,53
01/02/2025,87,64,216,48,"16,3",0,51
02/02/2025,40,76,0,46,"10,4",124,60
03/02/2025,99,81,0,42,"0,8",120,64
04/02/2025,124,73,264,47,"12,9",116,51
05/02/2025,41,78,0,46,"10,4",135,62
06/02/2025,159,76,246,44,"14,2",123,38
07/02/2025,152,69,0,49,"10,7",245,34
08/02/2025,112,77,227,43,"20,4",0,53
09/02/2025,40,85,0,41,"11,8",125,68
10/02/2025,105,80,0,44,"0,5",109,56
11/02/2025,149,73,170,46,"14,4",129,51
12/02/2025,132,77,0,48,"13,7",252,53
13/02/2025,144,77,238,41,"14,4",122,53
14/02/2025,115,80,0,41,"0,6",112,56
15/02/2025,181,76,227,44,"34,6",146,38
16/02/2025,46,79,0,43,"13,2",136,63
17/02/2025,87,79,0,44,"0,5",111,63
18/02/2025,165,74,266,45,"15,9",126,37
19/02/2025,135,82,0,45,"13,3",260,57
20/02/2025,112,81,232,47,12,101,56
21/02/2025,158,74,0,45,"13,5",264,37
22/02/2025,131,80,215,45,"23,8",135,56
23/02/2025,76,77,0,44,"21,5",145,61
24/02/2025,82,76,0,42,"0,7",118,60
25/02/2025,85,87,227,43,"13,5",0,69
26/02/2025,170,81,0,43,"15,6",262,40
27/02/2025,89,80,0,44,22,145,64
28/02/2025,105,71,233,48,"1,1",123,49
01/03/2025,170,79,0,44,"29,5",154,39
02/03/2025,85,77,0,47,"19,1",142,61
03/03/2025,51,83,0,43,"0,6",120,66
04/03/2025,69,76,225,43,"9,8",0,60
05/03/2025,104,73,0,46,"13,3",272,51
06/03/2025,40,82,0,43,"7,4",0,65
07/03/2025,0,74,0,44,0,0,70
08/03/2025,40,80,62,42,"9,1",138,64
09/03/2025,387,67,223,43,"60,9",272,26
10/03/2025,0,80,0,46,0,0,76
11/03/2025,63,83,165,42,"12,4",0,66
12/03/2025,148,77,0,44,"13,9",261,53
13/03/2025,89,77,0,47,"13,5",0,61
14/03/2025,143,79,0,46,"13,6",263,55
15/03/2025,106,80,228,44,"17,8",0,56
16/03/2025,93,78,0,43,"20,5",145,62
17/03/2025,112,85,0,42,"0,4",117,59
18/03/2025,84,72,256,46,"14,3",0,57
19/03/2025,108,73,0,44,"27,2",157,51
20/03/2025,160,59,174,48,13,124,29
21/03/2025,114,69,0,48,"0,8",122,48
22/03/2025,219,61,224,46,"40,3",150,24
23/03/2025,88,75,0,44,"22,2",147,60
24/03/2025,89,76,0,44,"0,9",132,60
25/03/2025,127,73,251,43,"19,2",0,51
26/03/2025,189,72,0,45,"28,6",151,36
27/03/2025,118,83,172,46,"14,8",115,58
28/03/2025,113,79,0,45,"0,8",116,55
29/03/2025,243,71,233,42,"44,5",154,28
30/03/2025,96,77,0,44,"24,8",151,61
31/03/2025,110,82,0,44,"0,6",118,57
01/04/2025,165,88,223,42,"28,6",142,44
02/04/2025,119,84,0,45,"28,1",147,58
03/04/2025,200,84,0,42,"14,2",129,42
04/04/2025,115,78,0,46,"1,3",120,54
05/04/2025,255,75,195,45,"45,1",148,30
06/04/2025,105,75,220,0,"25,7",150,70
07/04/2025,103,85,0,42,"0,8",127,59
08/04/2025,161,85,170,43,"28,5",145,42
09/04/2025,119,80,0,46,"28,9",144,56
10/04/2025,179,79,233,44,"13,5",120,39
11/04/2025,115,85,0,44,"1,4",124,59
12/04/2025,278,72,217,43,"50,1",142,28
13/04/2025,116,86,0,42,"29,2",142,60
14/04/2025,105,83,0,40,"0,9",122,58
15/04/2025,162,88,264,43,"28,1",137,44
16/04/2025,119,82,0,44,"27,9",146,57
17/04/2025,161,79,244,46,"13,1",121,39
18/04/2025,115,80,220,44,"1,4",121,56
19/04/2025,287,66,0,45,"51,2",147,26
20/04/2025,123,77,0,43,"30,5",141,53
21/04/2025,113,77,0,43,"0,6",106,53
22/04/2025,160,69,254,43,"27,9",135,34
23/04/2025,176,67,161,48,"18,4",281,33
24/04/2025,0,79,224,43,0,0,75
25/04/2025,115,82,0,39,"0,8",123,57
26/04/2025,244,71,225,39,"43,8",143,28
27/04/2025,105,71,0,38,"25,5",139,63
28/04/2025,91,88,0,38,"1,4",106,70
29/04/2025,168,75,259,37,"27,7",0,37
30/04/2025,177,83,164,38,"18,9",254,41
01/05/2025,58,73,180,40,"9,7",0,58
02/05/2025,80,79,0,39,"0,6",115,63
03/05/2025,38,83,225,39,"9,1",138,66
04/05/2025,370,70,0,41,"58,5",290,28
05/05/2025,0,85,0,40,0,0,80
06/05/2025,101,72,255,43,"12,6",245,50
07/05/2025,53,70,161,43,"13,8",132,56
08/05/2025,97,67,162,42,"17,9",134,53
09/05/2025,115,59,0,45,"1,3",123,41
10/05/2025,285,49,226,45,"55,4",150,19
11/05/2025,99,65,0,46,"26,4",155,52
12/05/2025,0,75,0,44,0,0,71
13/05/2025,100,70,255,46,"1,2",128,56
14/05/2025,194,68,0,45,"21,8",269,34
15/05/2025,87,63,166,48,17,0,50
16/05/2025,115,77,0,45,"1,3",129,53
17/05/2025,317,69,214,42,"58,8",144,27
18/05/2025,0,79,0,41,0,0,75
19/05/2025,108,75,0,43,"0,9",118,52
20/05/2025,104,74,236,44,"17,2",0,51
06/07/2025,14,81,0,47,5,0,64
07/07/2025,87,82,0,47,"0,5",125,65
08/07/2025,131,72,266,47,"18,8",0,50
09/07/2025,154,90,0,44,"9,9",120,45
10/07/2025,89,82,234,44,"14,3",0,65
11/07/2025,110,82,0,44,"1,1",121,57
12/07/2025,197,68,207,42,"29,6",0,34
13/07/2025,69,82,0,45,"27,6",76,65
14/07/2025,133,83,0,45,"7,4",210,58
15/07/2025,110,84,269,44,"16,5",0,58
16/07/2025,151,81,0,45,"12,6",247,40
17/07/2025,197,89,248,44,"17,7",119,44
18/07/2025,159,74,0,48,"11,8",241,37
19/07/2025,199,77,248,44,"33,1",0,38
20/07/2025,39,81,0,45,"10,4",140,64
21/07/2025,114,85,0,42,"0,9",126,59
22/07/2025,107,86,265,46,"16,1",0,60
23/07/2025,149,80,0,44,"12,1",244,56
24/07/2025,175,80,230,44,"17,9",121,40
25/07/2025,167,76,0,48,"13,3",242,38
26/07/2025,201,60,242,47,"34,7",0,24
27/07/2025,80,74,0,48,"18,2",126,59
28/07/2025,110,75,0,44,1,126,52
29/07/2025,113,59,269,50,"16,8",0,41
30/07/2025,170,60,0,50,"16,1",260,30
31/07/2025,159,69,244,47,"17,8",131,34
01/08/2025,176,66,0,51,"14,8",255,33
02/08/2025,203,54,217,49,"35,6",0,21
03/08/2025,80,75,0,44,"18,4",125,60
04/08/2025,115,76,0,44,"0,8",123,53
05/08/2025,108,72,268,44,"16,2",0,50
06/08/2025,161,85,0,42,"16,6",268,42
07/08/2025,157,85,178,44,"17,2",118,42
08/08/2025,170,78,0,45,15,250,39
09/08/2025,238,64,223,48,"39,5",0,25
10/08/2025,84,80,0,43,"20,5",147,64
11/08/2025,102,81,0,44,"1,1",119,56
12/08/2025,146,73,258,47,"24,8",126,51
13/08/2025,158,77,0,48,"17,7",266,38
14/08/2025,147,78,235,48,"15,5",116,54
15/08/2025,115,82,0,44,"1,1",116,57
16/08/2025,300,53,221,46,"51,7",117,21
17/08/2025,101,80,0,43,"24,7",145,56
18/08/2025,0,81,0,49,0,0,76
21/05/2025,180,74,0,44,13,116,37
22/05/2025,119,80,0,40,"19,8",0,56
23/05/2025,115,78,0,42,"1,5",107,54
24/05/2025,162,61,190,39,"28,1",0,30
25/05/2025,59,83,0,39,13,78,66
26/05/2025,110,77,0,41,"7,5",252,53
27/05/2025,86,76,207,43,"13,1",0,60
28/05/2025,0,70,0,44,0,0,66
29/05/2025,39,66,169,44,"6,4",0,52
30/05/2025,35,67,0,42,"0,5",114,53
31/05/2025,0,66,0,43,0,0,62
01/06/2025,554,39,194,44,"109,9",281,15
02/06/2025,0,55,0,54,0,0,52
03/06/2025,0,65,0,46,0,0,61
04/06/2025,0,54,0,49,0,0,51
05/06/2025,47,54,165,49,"9,1",0,43
06/06/2025,0,60,0,47,0,0,57
07/06/2025,0,54,166,50,0,0,51
08/06/2025,0,65,0,49,0,0,61
09/06/2025,72,51,0,49,"0,5",126,40
10/06/2025,54,54,209,52,"8,5",0,43
11/06/2025,86,57,0,51,"0,2",115,45
12/06/2025,51,61,188,49,"8,7",0,48
13/06/2025,0,68,0,49,0,0,64
14/06/2025,77,62,217,46,"13,5",0,49
15/06/2025,43,60,0,47,"8,9",0,48
16/06/2025,50,66,0,47,"9,8",0,52
17/06/2025,153,68,226,46,"12,6",141,34
18/06/2025,84,74,0,46,"0,3",115,59
19/06/2025,76,79,225,45,"12,2",0,63
20/06/2025,57,71,0,50,"9,7",0,56
21/06/2025,108,81,178,48,"18,4",0,56
22/06/2025,57,80,0,47,"10,5",0,64
23/06/2025,90,74,0,46,"0,6",129,59
24/06/2025,111,72,259,50,"16,6",0,50
25/06/2025,113,75,0,50,"7,7",251,52
26/06/2025,89,73,231,45,"13,9",0,58
27/06/2025,132,78,0,49,"9,1",232,54
28/06/2025,133,83,184,47,"21,7",101,58
29/06/2025,57,75,0,46,"10,6",0,60
30/06/2025,90,80,0,42,"0,9",122,64
01/07/2025,116,90,266,42,"16,1",0,63
02/07/2025,92,70,0,47,"0,7",116,56
03/07/2025,79,75,228,46,"12,8",0,60
04/07/2025,115,75,0,49,"0,7",113,52
05/07/2025,161,75,212,47,"24,9",0,37
18/08/2024,0,68,0,47,0,0,64
19/08/2024,169,69,0,47,"16,2",327,34
20/08/2024,159,80,257,42,"26,6",159,40
21/08/2024,108,83,0,42,"17,1",173,58
22/08/2024,132,76,263,41,"11,4",129,53
23/08/2024,117,77,0,46,"2,6",276,53
24/08/2024,201,69,231,46,"33,8",121,27
25/08/2024,122,81,0,48,18,174,56
26/08/2024,115,79,0,45,"1,5",126,55
27/08/2024,236,72,265,46,"27,7",269,28
28/08/2024,108,83,0,44,"16,1",166,58
29/08/2024,166,75,271,44,"6,8",254,37
30/08/2024,181,81,0,41,"13,5",262,40
31/08/2024,213,74,0,42,"37,6",131,29
01/09/2024,118,79,235,46,"19,3",157,55
02/09/2024,115,84,0,41,"1,3",126,58
03/09/2024,303,75,270,43,"38,4",405,30
04/09/2024,105,77,0,46,"8,6",153,53
05/09/2024,175,78,270,41,"19,4",256,39
06/09/2024,66,75,0,45,"8,7",299,60
07/09/2024,293,72,230,42,"50,8",303,28
08/09/2024,129,76,0,47,"21,4",157,53
09/09/2024,35,80,0,43,1,121,64
10/09/2024,280,71,256,41,"35,7",397,28
11/09/2024,120,76,0,46,"9,6",162,53
12/09/2024,180,78,283,43,"18,4",249,39
13/09/2024,160,77,0,44,"9,7",271,38
14/09/2024,335,62,230,41,"56,8",296,24
15/09/2024,134,71,0,47,"21,9",159,49
16/09/2024,70,84,0,45,"0,8",112,67
17/09/2024,87,70,258,45,"13,1",127,56
18/09/2024,73,82,0,44,"10,8",295,65
19/09/2024,75,75,251,47,"13,5",122,60
20/09/2024,65,79,0,48,"0,4",111,63
21/09/2024,89,79,231,0,15,166,80
22/09/2024,214,78,0,47,"38,1",150,31
23/09/2024,115,78,0,46,"1,9",128,54
24/09/2024,286,85,257,43,"36,9",413,34
25/09/2024,124,85,0,45,"19,3",160,59
26/09/2024,190,88,183,45,"25,2",232,44
27/09/2024,51,88,0,42,"0,8",112,72
28/09/2024,294,83,231,44,"50,9",294,33
29/09/2024,107,70,0,48,"17,1",164,49
30/09/2024,115,77,0,49,"1,7",131,53
01/10/2024,295,71,273,44,"38,7",401,28
02/10/2024,128,71,0,40,"19,3",165,63
03/10/2024,107,87,183,43,"2,7",261,60
04/10/2024,115,86,0,40,"1,6",127,60
05/10/2024,360,77,235,44,"59,5",163,30
06/10/2024,133,88,0,44,"21,4",159,61
07/10/2024,111,83,0,43,"1,7",119,58
08/10/2024,242,68,226,44,39,418,27
09/10/2024,132,81,0,41,"19,9",159,56
10/10/2024,271,68,208,43,"29,6",265,27
11/10/2024,141,77,0,45,"10,7",280,53
12/10/2024,386,60,0,44,"65,3",297,24
13/10/2024,165,79,0,44,"25,7",163,39
14/10/2024,71,77,0,45,"0,6",120,61
15/10/2024,81,70,180,44,"12,7",123,56
16/10/2024,69,77,0,44,"10,7",163,61
17/10/2024,176,66,267,45,"14,3",256,33
18/10/2024,337,57,0,48,"59,9",293,22
19/10/2024,0,77,233,47,0,0,73
20/10/2024,113,72,0,49,"19,3",162,50
21/10/2024,115,54,0,61,"1,8",127,37
22/10/2024,153,52,268,50,"29,4",292,26
23/10/2024,207,69,0,52,"16,5",291,27
24/10/2024,164,67,179,51,"27,6",136,33
25/10/2024,115,72,0,46,"1,4",126,50
26/10/2024,399,57,235,47,"68,3",307,22
27/10/2024,135,74,0,49,"4,3",164,51
28/10/2024,32,74,0,49,"0,4",147,59
29/10/2024,246,62,232,51,"31,5",421,24
30/10/2024,204,66,0,51,"16,7",281,26
31/10/2024,159,77,223,51,"18,3",246,38
01/11/2024,115,75,0,52,"1,1",127,52
02/11/2024,407,56,0,53,"67,7",306,22
03/11/2024,169,70,217,54,"27,9",164,35
04/11/2024,53,69,0,54,"0,7",113,55
05/11/2024,88,66,171,55,"13,7",140,52
06/11/2024,196,67,0,54,14,286,33
07/11/2024,124,63,222,57,"23,4",283,44
08/11/2024,110,69,0,55,0,131,48
09/11/2024,353,58,225,54,54,323,23
10/11/2024,134,75,0,52,"21,4",171,52
11/11/2024,95,74,0,47,"0,9",117,59
12/11/2024,92,65,272,48,14,140,52
13/11/2024,155,61,0,56,"13,9",291,30
14/11/2024,78,68,246,53,"13,3",140,54
15/11/2024,102,68,0,52,"1,7",126,47
16/11/2024,192,67,232,54,"33,9",311,33
17/11/2024,0,73,0,53,0,0,69
18/11/2024,75,79,0,51,"13,9",166,63
19/11/2024,42,71,0,48,"8,6",161,56
20/11/2024,53,65,169,56,"8,2",291,52
21/11/2024,80,65,184,53,"14,2",132,52
22/11/2024,9,65,0,56,"0,2",127,52
23/11/2024,2,62,274,53,"0,8",98,49
24/11/2024,614,53,0,57,"101,9",461,21
25/11/2024,0,81,0,51,0,0,76
26/11/2024,0,81,272,0,0,0,95
27/11/2024,0,81,0,0,0,0,95
28/11/2024,0,81,279,0,0,0,95
29/11/2024,0,81,0,0,0,0,95
30/11/2024,0,81,185,0,0,0,95
01/12/2024,48,77,0,45,"9,6",171,61
02/12/2024,67,77,0,0,"0,4",122,80
03/12/2024,56,75,229,46,"10,1",139,60
04/12/2024,116,71,0,47,"9,4",282,49
05/12/2024,50,65,254,45,"9,4",144,52
06/12/2024,124,62,0,48,9,278,43
07/12/2024,92,72,268,48,"17,4",139,57
08/12/2024,59,70,0,49,"10,7",176,56
09/12/2024,74,75,0,48,"0,5",123,60
10/12/2024,49,70,260,51,"10,9",146,56
11/12/2024,120,70,0,51,"10,2",304,49
12/12/2024,81,67,235,51,"12,4",150,53
13/12/2024,74,70,0,50,"0,5",127,56
14/12/2024,37,68,181,51,"6,4",177,54
15/12/2024,247,55,0,50,"31,3",451,22
16/12/2024,69,68,0,50,"0,4",145,54
17/12/2024,58,78,262,48,"9,7",153,62
18/12/2024,133,73,0,47,"11,4",298,51
19/12/2024,0,77,248,44,"0,2",155,73
20/12/2024,128,87,0,46,"11,3",293,60
21/12/2024,107,69,179,48,"19,1",144,48
22/12/2024,117,74,0,48,"17,5",148,51
23/12/2024,78,74,0,0,"14,8",172,80
24/12/2024,79,68,187,51,"0,8",120,54
25/12/2024,62,82,0,50,"10,9",172,65
26/12/2024,73,82,252,47,"12,9",175,74
27/12/2024,181,81,0,50,"15,2",286,40
28/12/2024,72,64,192,53,"12,9",173,51
29/12/2024,103,73,0,48,"17,9",153,51
30/12/2024,158,80,0,49,"11,7",297,40
31/12/2024,119,76,196,52,"12,1",275,53
01/01/2025,83,68,0,53,"14,8",143,54
02/01/2025,146,86,0,49,"15,5",258,60
03/01/2025,156,84,0,48,"10,4",306,42
04/01/2025,104,81,0,44,"18,3",151,56
05/01/2025,71,80,0,45,"12,9",177,64
06/01/2025,108,68,0,53,"0,9",134,47
07/01/2025,154,62,0,51,"14,6",273,31
08/01/2025,109,72,0,52,"19,3",171,50
09/01/2025,96,74,246,45,"16,2",148,59
10/01/2025,136,75,0,44,"10,9",297,52
11/01/2025,151,68,179,49,"27,4",137,34
12/01/2025,139,68,0,0,"15,8",290,70
13/01/2025,76,68,0,0,"11,5",290,80
14/01/2025,167,78,247,47,"16,3",281,39
15/01/2025,110,81,0,47,"19,1",172,56
16/01/2025,102,72,251,51,"17,9",143,50
17/01/2025,178,81,0,47,"13,8",307,40
18/01/2025,172,62,179,51,"31,3",136,31
19/01/2025,136,62,0,0,16,300,70
20/01/2025,72,62,176,0,"1,1",109,80
21/01/2025,125,72,251,44,"22,1",342,50
22/01/2025,156,64,210,52,"14,1",317,32
23/01/2025,127,64,0,52,"14,1",115,44
24/01/2025,105,77,0,50,"1,1",133,53
25/01/2025,198,48,0,53,"38,3",314,24
26/01/2025,68,74,0,54,"0,9",136,59
27/01/2025,95,77,0,50,"18,2",199,61
28/01/2025,209,35,244,50,"24,9",269,14
29/01/2025,69,82,0,50,"12,9",167,65
30/01/2025,115,79,244,45,"3,5",239,55
31/01/2025,0,80,0,52,0,0,76
01/02/2025,301,60,216,54,"47,5",338,24
02/02/2025,41,76,0,54,"0,9",102,60
03/02/2025,54,76,0,0,"0,8",123,80
04/02/2025,202,83,264,46,"19,9",264,33
05/02/2025,64,88,0,45,"11,8",168,70
06/02/2025,74,65,246,50,"14,4",0,52
07/02/2025,65,78,0,48,1,114,62
08/02/2025,82,85,227,46,"14,8",172,68
09/02/2025,204,85,0,0,36,321,40
10/02/2025,59,80,0,46,"0,9",111,64
11/02/2025,190,66,170,47,"18,4",118,33
12/02/2025,63,79,0,42,"10,7",174,63
13/02/2025,106,77,238,49,"19,4",298,53
14/02/2025,112,79,0,50,"1,5",125,55
15/02/2025,232,69,227,48,"41,3",331,27
16/02/2025,108,81,0,46,"19,3",171,56
17/02/2025,73,79,0,45,"1,1",121,63
18/02/2025,157,67,266,44,"26,4",303,33
19/02/2025,110,80,0,47,"9,6",168,56
20/02/2025,88,68,232,50,"1,5",140,54
21/02/2025,115,65,0,50,"14,4",271,45
22/02/2025,247,67,215,51,"39,8",326,26
23/02/2025,105,77,0,51,"19,3",168,53
24/02/2025,87,86,0,46,"1,4",133,68
25/02/2025,138,80,227,46,"23,4",307,56
26/02/2025,111,74,0,53,"19,3",170,51
27/02/2025,153,83,0,49,13,131,41
28/02/2025,115,87,233,46,"1,4",126,60
01/03/2025,239,77,0,45,"40,7",300,30
02/03/2025,109,77,0,0,"20,4",173,70
03/03/2025,0,77,0,0,0,0,95
04/03/2025,91,86,225,44,"14,5",147,68
05/03/2025,169,88,0,43,"13,9",295,44
06/03/2025,13,88,0,42,0,87,70
07/03/2025,86,82,0,47,"1,1",126,65
08/03/2025,155,68,62,46,"26,6",300,34
09/03/2025,89,73,223,46,15,177,58
10/03/2025,78,78,0,49,"0,8",128,62
11/03/2025,142,76,165,45,"15,5",264,53
12/03/2025,60,76,0,46,"9,7",298,60
13/03/2025,75,88,0,44,"13,1",131,70
14/03/2025,28,86,0,48,"0,3",125,68
15/03/2025,0,75,228,48,0,0,71
16/03/2025,337,59,0,50,"48,9",465,23
17/03/2025,0,87,0,48,0,0,82
18/03/2025,52,6,256,51,"11,2",134,4
19/03/2025,110,81,0,44,"9,9",277,56
20/03/2025,71,79,174,47,"12,8",0,63
21/03/2025,110,76,0,51,"0,9",131,53
22/03/2025,218,69,224,52,"36,3",322,27
23/03/2025,116,75,0,48,"19,3",176,52
24/03/2025,90,79,0,48,"17,2",309,63
25/03/2025,170,75,251,48,28,327,37
26/03/2025,119,60,0,53,"19,3",172,42
27/03/2025,228,72,172,47,"20,3",258,28
28/03/2025,115,72,0,44,"1,1",125,63
29/03/2025,104,87,233,47,11,486,60
30/03/2025,62,79,0,51,"1,2",111,63
31/03/2025,120,83,0,45,"20,4",174,58
01/04/2025,138,71,223,46,"21,6",144,49
02/04/2025,129,77,0,50,"20,4",178,53
03/04/2025,138,33,0,50,"7,8",255,23
04/04/2025,208,75,0,42,"17,3",257,30
05/04/2025,291,70,195,43,"47,1",321,28
06/04/2025,121,70,220,0,"19,5",176,70
07/04/2025,115,79,0,45,"1,2",127,55
08/04/2025,153,72,170,44,"23,9",143,36
09/04/2025,130,81,0,44,"20,4",173,56
10/04/2025,203,77,233,42,"15,8",119,30
11/04/2025,115,82,0,44,"1,2",121,57
12/04/2025,293,71,217,46,"47,4",323,28
13/04/2025,121,74,0,48,"19,5",171,51
14/04/2025,72,75,0,49,"0,5",121,60
15/04/2025,127,79,264,43,"11,7",292,55
16/04/2025,165,73,0,47,"13,9",298,36
17/04/2025,202,82,244,43,"14,7",284,32
18/04/2025,78,80,220,44,"15,4",129,64
19/04/2025,158,74,0,48,"25,7",339,37
20/04/2025,73,82,0,48,"12,6",164,65
21/04/2025,72,78,0,47,"0,6",137,62
22/04/2025,79,86,254,46,"13,3",139,68
23/04/2025,110,82,161,45,"10,5",284,57
24/04/2025,64,70,224,50,"10,7",0,56
25/04/2025,0,89,0,47,0,0,84
26/04/2025,27,74,225,50,"6,6",146,59
27/04/2025,248,55,0,51,"9,1",430,22
28/04/2025,0,79,0,52,0,0,75
29/04/2025,0,84,259,45,0,0,79
30/04/2025,113,84,164,44,"9,9",287,58
01/05/2025,88,88,180,42,"14,6",133,70
02/05/2025,129,83,0,44,"9,5",270,58
03/05/2025,152,69,225,39,"26,5",129,34
04/05/2025,89,69,0,0,"16,1",163,80
05/05/2025,86,79,0,43,"0,7",118,63
06/05/2025,123,72,255,44,"21,6",294,50
07/05/2025,198,84,161,41,"13,8",314,42
08/05/2025,75,75,162,45,"13,4",127,60
09/05/2025,194,75,0,44,"13,9",295,37
10/05/2025,127,77,226,46,"22,2",269,53
11/05/2025,122,86,0,43,"19,5",174,60
12/05/2025,115,76,0,45,"0,8",120,53
13/05/2025,202,60,255,48,"22,3",430,24
14/05/2025,198,81,0,45,"13,8",300,40
15/05/2025,32,65,166,48,"6,1",130,52
16/05/2025,191,85,0,44,"14,3",292,42
17/05/2025,123,79,214,43,"21,5",286,55
18/05/2025,128,87,0,43,"21,4",172,60
19/05/2025,65,82,0,45,"0,5",136,65
20/05/2025,58,78,236,45,"9,6",0,62
06/07/2025,83,80,0,47,"23,1",169,64
07/07/2025,115,72,0,52,"1,5",131,50
08/07/2025,226,67,266,49,"24,8",126,26
09/07/2025,100,84,0,48,"26,5",171,67
10/07/2025,211,69,234,46,"23,7",117,27
11/07/2025,115,73,0,47,"1,6",145,51
12/07/2025,220,66,207,47,"0,6",26,26
13/07/2025,100,73,0,47,26,174,58
14/07/2025,115,74,0,47,"1,5",142,51
15/07/2025,232,77,269,46,"0,7",119,30
16/07/2025,116,83,0,48,"30,4",167,58
17/07/2025,160,86,248,46,"0,5",116,43
18/07/2025,183,79,0,51,"20,1",300,39
19/07/2025,189,84,248,46,"31,3",0,42
20/07/2025,114,80,0,48,"28,5",168,56
21/07/2025,101,82,0,46,"1,1",148,57
22/07/2025,209,78,265,45,"24,6",134,31
23/07/2025,115,82,0,48,29,169,57
24/07/2025,140,77,230,46,"18,6",116,53
25/07/2025,149,83,0,46,"18,3",308,58
26/07/2025,212,62,242,47,"34,1",0,24
27/07/2025,117,72,0,50,"29,9",153,50
28/07/2025,69,85,0,44,"1,1",146,68
29/07/2025,65,81,269,46,"9,2",141,64
30/07/2025,180,79,0,45,"20,8",301,39
31/07/2025,104,77,244,46,"18,9",0,53
01/08/2025,162,82,0,46,"16,2",307,41
02/08/2025,188,80,217,44,"32,2",0,40
03/08/2025,113,81,0,45,"30,6",173,56
04/08/2025,115,79,0,46,"1,2",135,55
05/08/2025,239,79,268,45,"24,5",131,31
06/08/2025,121,82,0,46,"30,5",172,57
07/08/2025,216,76,178,48,"24,3",272,30
08/08/2025,115,77,0,48,"1,2",138,53
09/08/2025,274,74,223,50,"51,9",298,29
10/08/2025,108,81,0,48,"28,8",169,56
11/08/2025,115,87,0,43,"1,9",142,60
12/08/2025,232,87,258,45,"27,7",139,34
13/08/2025,130,77,0,47,"15,3",172,53
14/08/2025,199,80,235,50,"22,7",139,40
15/08/2025,115,77,0,51,"1,8",150,53
16/08/2025,250,81,221,48,"45,6",0,32
17/08/2025,110,87,0,47,29,173,60
18/08/2025,0,86,0,47,0,0,81
21/05/2025,143,72,0,49,"9,5",290,50
22/05/2025,55,80,0,43,"9,1",136,64
23/05/2025,34,81,0,47,"0,3",112,64
24/05/2025,34,84,190,48,"6,2",164,67
25/05/2025,210,65,0,49,"42,2",178,26
26/05/2025,0,84,0,49,0,0,79
27/05/2025,0,84,207,0,0,0,95
28/05/2025,60,84,0,0,"0,5",113,80
29/05/2025,102,79,169,37,"15,9",140,55
30/05/2025,111,83,0,43,"9,8",261,58
31/05/2025,101,87,0,40,"16,1",138,60
01/06/2025,53,83,194,44,"9,6",175,66
02/06/2025,0,83,0,44,0,0,78
03/06/2025,172,70,0,41,"16,7",349,35
04/06/2025,125,73,0,46,"9,9",310,51
05/06/2025,183,73,165,44,"19,8",258,36
06/06/2025,132,79,0,43,"10,4",291,55
07/06/2025,121,76,166,43,"19,6",140,53
08/06/2025,64,77,0,45,"10,7",173,61
09/06/2025,91,76,0,46,1,121,60
10/06/2025,199,50,209,48,"16,1",274,25
11/06/2025,72,70,0,45,"10,6",286,56
12/06/2025,152,70,188,45,"14,8",237,35
13/06/2025,0,80,0,45,0,0,76
14/06/2025,0,73,217,46,0,0,69
15/06/2025,0,71,0,47,0,0,67
16/06/2025,156,65,0,49,"10,3",289,32
17/06/2025,149,69,226,47,"15,1",271,48
18/06/2025,161,65,0,51,"11,6",304,32
19/06/2025,143,69,225,48,"14,5",133,48
20/06/2025,60,72,0,49,"10,7",169,57
21/06/2025,166,54,178,53,"26,4",0,27
22/06/2025,0,77,0,48,0,0,73
23/06/2025,98,74,0,49,"0,7",142,59
24/06/2025,84,69,259,50,"13,9",0,55
25/06/2025,177,65,0,48,"19,8",306,32
26/06/2025,88,67,231,48,"14,2",0,53
27/06/2025,172,67,0,52,16,321,33
28/06/2025,98,66,184,50,"18,4",0,52
29/06/2025,65,76,0,54,"15,1",182,60
30/06/2025,69,72,0,54,"0,3",131,57
01/07/2025,183,63,266,54,"15,4",137,31
02/07/2025,173,79,0,51,"17,3",305,39
03/07/2025,171,58,228,46,"15,3",130,29
04/07/2025,165,84,0,47,17,306,42
05/07/2025,134,57,212,52,"21,8",0,39
18/08/2024,140,76,0,48,"22,1",254,53
19/08/2024,72,83,0,47,"1,2",118,66
20/08/2024,118,75,257,47,"18,4",128,52
21/08/2024,122,83,0,43,"18,7",139,58
22/08/2024,133,77,263,44,"12,9",227,53
23/08/2024,180,77,0,47,"14,9",260,38
24/08/2024,0,76,231,41,0,0,72
25/08/2024,0,65,0,48,0,0,61
26/08/2024,0,73,0,48,0,0,69
27/08/2024,0,74,265,49,0,0,70
28/08/2024,65,78,0,47,"11,6",124,62
29/08/2024,94,66,271,50,"13,9",129,52
30/08/2024,160,76,0,44,"14,1",262,38
31/08/2024,140,79,0,45,"26,4",116,55
01/09/2024,95,81,235,44,"15,4",137,64
02/09/2024,65,87,0,44,"1,3",136,69
03/09/2024,161,85,270,46,24,268,42
04/09/2024,113,79,0,48,"17,1",144,55
05/09/2024,115,76,270,49,"9,9",231,53
06/09/2024,165,79,0,48,"14,1",276,39
07/09/2024,197,80,230,46,"33,4",122,40
08/09/2024,97,81,0,44,"15,3",140,64
09/09/2024,74,86,0,47,"1,4",123,68
10/09/2024,172,83,256,47,"25,5",267,41
11/09/2024,110,79,0,50,"16,8",142,55
12/09/2024,152,79,283,49,"12,6",241,39
13/09/2024,167,78,0,50,"14,1",264,39
14/09/2024,233,88,230,42,"41,8",119,35
15/09/2024,106,84,0,43,"17,9",223,58
16/09/2024,82,82,0,48,2,121,65
17/09/2024,144,87,258,42,"24,6",243,60
18/09/2024,116,85,0,44,"18,7",132,59
19/09/2024,140,85,251,47,"13,1",243,59
20/09/2024,169,86,0,44,"13,9",249,43
21/09/2024,243,82,231,47,"43,4",116,32
22/09/2024,128,83,0,45,"19,4",140,58
23/09/2024,82,84,0,44,"1,8",125,67
24/09/2024,149,80,257,49,"23,9",256,56
25/09/2024,133,82,0,47,"21,6",135,57
26/09/2024,130,83,183,45,"10,9",237,58
27/09/2024,98,84,0,45,"1,1",112,67
28/09/2024,311,86,231,43,"53,7",258,34
29/09/2024,118,76,0,45,"19,7",133,53
30/09/2024,84,83,0,43,"1,9",120,66
01/10/2024,158,74,273,45,"25,2",252,37
02/10/2024,138,85,0,44,22,138,59
03/10/2024,154,75,183,48,"12,8",241,37
04/10/2024,109,81,0,44,"1,5",121,56
05/10/2024,301,74,235,44,"52,4",254,29
06/10/2024,130,85,0,41,"21,8",132,59
07/10/2024,83,89,0,39,"1,9",113,71
08/10/2024,163,88,226,41,"25,7",262,44
09/10/2024,131,82,0,47,"21,3",136,57
10/10/2024,145,79,208,47,"10,9",221,55
11/10/2024,109,79,0,45,"1,5",112,55
12/10/2024,222,62,0,47,39,249,24
13/10/2024,189,75,0,44,"34,5",238,37
14/10/2024,63,81,0,47,"1,1",133,64
15/10/2024,97,77,180,44,"12,7",126,61
16/10/2024,72,79,0,47,11,145,63
17/10/2024,115,78,267,45,"1,7",117,54
18/10/2024,112,78,0,42,"1,8",116,54
19/10/2024,291,63,233,44,"50,8",257,25
20/10/2024,63,82,0,43,"11,4",123,65
21/10/2024,104,82,0,42,"1,7",123,57
22/10/2024,120,79,268,43,"24,1",272,55
23/10/2024,194,80,0,47,"15,6",246,40
24/10/2024,131,78,179,48,"19,7",130,54
25/10/2024,107,85,0,43,"1,8",113,59
26/10/2024,322,83,235,42,"56,3",249,33
27/10/2024,135,84,0,42,"23,6",131,58
28/10/2024,115,85,0,45,"2,5",129,59
29/10/2024,144,78,232,45,"23,6",247,54
30/10/2024,198,75,0,48,"16,4",251,37
31/10/2024,26,71,223,48,"6,5",102,56
01/11/2024,115,79,0,48,2,109,55
02/11/2024,315,54,0,49,"55,9",251,21
03/11/2024,158,78,217,49,"26,6",132,39
04/11/2024,115,84,0,49,"2,4",119,58
05/11/2024,102,76,171,47,"13,6",121,53
06/11/2024,173,81,0,50,"14,5",258,40
07/11/2024,60,66,222,52,"11,6",117,52
08/11/2024,87,83,0,50,"1,5",124,66
09/11/2024,202,54,225,53,"37,8",245,21
10/11/2024,173,75,0,51,"28,5",248,37
11/11/2024,71,85,0,48,"1,5",123,68
12/11/2024,96,78,272,48,"13,4",119,62
13/11/2024,179,82,0,48,15,263,41
14/11/2024,78,74,246,49,"13,1",132,59
15/11/2024,115,80,0,43,"1,8",120,56
16/11/2024,191,69,232,46,"32,7",267,34
17/11/2024,93,83,0,45,15,132,66
18/11/2024,82,90,0,42,"1,1",125,72
19/11/2024,35,83,0,47,"6,1",130,66
20/11/2024,87,79,169,49,"12,6",210,63
21/11/2024,77,69,184,46,"14,3",105,55
22/11/2024,30,86,0,44,"0,3",106,68
23/11/2024,34,81,274,46,"15,6",208,64
24/11/2024,540,82,0,49,"93,3",371,32
25/11/2024,0,78,0,50,0,0,74
26/11/2024,0,90,272,46,0,0,85
27/11/2024,8,82,0,47,0,106,65
28/11/2024,0,72,279,48,0,0,68
29/11/2024,0,78,0,48,0,0,74
30/11/2024,0,75,185,50,0,0,71
01/12/2024,0,56,0,51,0,0,53
02/12/2024,51,78,0,51,"0,8",127,62
03/12/2024,46,70,229,50,"9,1",106,56
04/12/2024,72,73,0,53,"7,3",242,58
05/12/2024,40,66,254,53,"8,3",107,52
06/12/2024,56,74,0,52,"0,6",123,59
07/12/2024,28,64,268,44,"6,1",124,51
08/12/2024,131,65,0,51,"19,9",111,45
09/12/2024,51,80,0,48,"0,8",119,64
10/12/2024,61,66,260,45,"9,7",122,52
11/12/2024,137,77,0,48,"9,4",258,53
12/12/2024,64,66,235,49,"11,2",120,52
13/12/2024,71,79,0,47,"1,2",119,63
14/12/2024,0,71,181,52,0,0,67
15/12/2024,80,74,0,48,"14,2",136,59
16/12/2024,43,81,0,50,"0,9",132,64
17/12/2024,41,64,262,52,"7,7",127,51
18/12/2024,80,77,0,52,"7,7",252,61
19/12/2024,55,87,248,47,"8,7",128,69
20/12/2024,105,75,0,52,"0,7",121,52
21/12/2024,46,69,179,52,"9,6",107,55
22/12/2024,61,79,0,51,"10,3",143,63
23/12/2024,48,82,0,50,1,127,65
24/12/2024,127,56,187,55,"21,3",115,39
25/12/2024,25,75,0,52,"6,3",107,60
26/12/2024,86,75,252,49,"12,4",131,60
27/12/2024,151,75,0,50,"8,4",244,37
28/12/2024,169,68,192,50,"25,6",133,34
29/12/2024,58,63,0,53,"10,2",135,50
30/12/2024,63,84,0,48,"0,8",130,67
31/12/2024,128,60,196,48,22,113,42
01/01/2025,46,82,0,50,8,136,65
02/01/2025,33,90,0,48,"6,7",108,72
03/01/2025,145,82,0,49,"11,5",262,57
04/01/2025,158,64,0,50,"30,2",125,32
05/01/2025,88,79,0,48,"15,2",134,63
06/01/2025,45,79,0,51,"1,1",114,63
07/01/2025,0,89,0,48,0,0,84
08/01/2025,0,82,0,50,0,0,77
09/01/2025,0,87,246,47,0,0,82
10/01/2025,0,76,0,51,0,0,72
11/01/2025,65,75,179,46,"13,1",109,60
12/01/2025,14,75,0,42,"3,8",111,72
13/01/2025,34,82,0,46,"7,3",113,65
14/01/2025,0,76,247,47,0,0,72
15/01/2025,53,77,0,50,"9,2",144,61
16/01/2025,101,60,251,51,"18,4",257,42
17/01/2025,99,78,0,50,"0,8",117,62
18/01/2025,103,68,179,50,"18,9",255,47
19/01/2025,23,77,0,50,"5,1",123,61
20/01/2025,65,76,176,52,1,138,60
21/01/2025,81,79,251,48,"11,5",126,63
22/01/2025,89,72,210,54,1,129,57
23/01/2025,75,71,0,51,12,125,56
24/01/2025,98,76,0,54,"1,2",123,60
25/01/2025,109,62,0,52,"19,1",392,43
26/01/2025,56,82,0,49,"10,2",134,65
27/01/2025,107,78,0,52,"10,9",271,54
28/01/2025,76,68,244,55,"10,9",124,54
29/01/2025,107,77,0,50,"10,7",268,53
30/01/2025,62,79,244,50,"9,3",123,63
31/01/2025,0,79,0,55,0,0,75
01/02/2025,0,84,216,47,0,0,79
02/02/2025,176,70,0,49,"24,1",260,35
03/02/2025,85,68,0,55,"7,2",283,54
04/02/2025,88,74,264,55,"7,2",228,59
05/02/2025,88,75,0,55,"11,4",307,60
06/02/2025,161,71,246,52,"17,9",114,35
07/02/2025,42,84,0,50,"0,5",109,67
08/02/2025,217,76,227,50,"30,2",258,30
09/02/2025,82,71,0,56,"13,6",135,56
10/02/2025,93,72,0,57,"7,8",216,57
11/02/2025,14,86,170,49,8,85,68
12/02/2025,81,87,0,48,13,143,69
13/02/2025,0,86,238,51,0,0,81
14/02/2025,0,75,0,55,0,0,71
15/02/2025,0,79,227,50,0,0,75
16/02/2025,19,83,0,50,4,112,66
17/02/2025,77,84,0,49,"1,3",124,67
18/02/2025,72,83,266,47,"12,2",128,66
19/02/2025,111,80,0,52,"9,8",250,56
20/02/2025,81,76,232,49,"13,9",136,60
21/02/2025,111,83,0,49,"9,6",251,58
22/02/2025,106,64,215,53,"17,8",127,44
23/02/2025,80,79,0,52,"13,2",140,63
24/02/2025,53,86,0,50,1,133,68
25/02/2025,97,82,227,49,"16,3",127,65
26/02/2025,159,82,0,51,"13,8",268,41
27/02/2025,65,80,0,53,"14,6",117,64
28/02/2025,103,87,233,50,"0,8",121,60
01/03/2025,220,65,0,49,"37,3",265,26
02/03/2025,128,82,0,48,"21,2",222,57
03/03/2025,42,82,0,47,"0,6",130,72
04/03/2025,123,83,225,50,"26,2",111,58
05/03/2025,123,88,0,48,"19,5",144,61
06/03/2025,129,85,0,52,"12,7",238,59
07/03/2025,90,85,0,49,1,123,68
08/03/2025,203,76,62,48,38,253,30
09/03/2025,121,79,223,53,"19,4",135,55
10/03/2025,42,87,0,47,"0,6",126,69
11/03/2025,96,81,165,45,"14,6",121,64
12/03/2025,131,85,0,48,"20,1",139,59
13/03/2025,141,81,0,49,"13,5",259,56
14/03/2025,97,77,0,50,"1,2",130,61
15/03/2025,247,59,228,51,"41,8",258,23
16/03/2025,122,76,0,50,"21,1",149,53
17/03/2025,62,80,0,49,"1,1",131,64
18/03/2025,0,76,256,51,0,0,72
19/03/2025,157,71,0,48,"13,2",272,35
20/03/2025,133,61,174,53,"22,3",272,42
21/03/2025,112,76,0,53,"1,4",126,53
22/03/2025,223,62,224,53,"40,4",269,24
23/03/2025,109,81,0,50,"20,3",132,56
24/03/2025,43,86,0,47,"1,2",125,68
25/03/2025,113,74,251,46,"20,5",257,51
26/03/2025,156,76,0,50,"14,3",289,38
27/03/2025,54,73,172,51,"10,4",128,58
28/03/2025,108,82,0,49,"1,3",122,57
29/03/2025,176,71,233,50,"28,1",268,35
30/03/2025,80,80,0,48,"14,6",142,64
31/03/2025,0,85,0,48,0,0,80
01/04/2025,62,71,223,47,"8,5",127,56
02/04/2025,105,75,0,49,"8,6",259,52
03/04/2025,49,72,0,49,"8,2",124,57
04/04/2025,35,76,0,50,"6,3",147,60
05/04/2025,36,72,195,51,"6,6",220,57
06/04/2025,326,66,220,49,"46,4",425,26
07/04/2025,0,83,0,52,0,0,78
08/04/2025,49,85,170,48,"10,6",120,68
09/04/2025,116,78,0,46,"10,3",268,54
10/04/2025,66,70,233,51,"11,4",130,56
11/04/2025,136,73,0,48,"11,6",255,51
12/04/2025,173,59,217,53,"28,4",116,29
13/04/2025,76,79,0,50,"15,1",134,63
14/04/2025,57,84,0,48,"0,8",126,67
15/04/2025,140,72,264,47,"23,1",259,50
16/04/2025,171,81,0,49,"16,4",272,40
17/04/2025,103,71,244,53,"13,9",118,49
18/04/2025,105,89,220,45,"1,1",118,62
19/04/2025,221,65,0,48,"37,3",243,26
20/04/2025,102,86,0,48,"18,9",136,60
21/04/2025,84,87,0,46,"1,4",134,69
22/04/2025,148,79,254,46,"21,6",135,55
23/04/2025,173,86,161,48,"16,6",377,43
24/04/2025,76,84,224,50,"10,6",112,67
25/04/2025,92,85,0,47,"1,2",120,68
26/04/2025,269,64,225,45,"48,5",266,25
27/04/2025,132,83,0,46,"23,1",133,58
28/04/2025,96,85,0,46,"2,1",142,68
29/04/2025,122,77,259,46,"17,4",126,53
30/04/2025,225,79,164,46,"26,6",364,31
01/05/2025,54,77,180,48,12,112,61
02/05/2025,98,78,0,47,"1,4",126,62
03/05/2025,311,61,225,50,"53,2",259,24
04/05/2025,70,80,0,51,"12,9",136,64
05/05/2025,115,84,0,46,"2,5",148,58
06/05/2025,164,76,255,46,"13,7",253,38
07/05/2025,138,76,161,46,"26,4",159,53
08/05/2025,60,76,162,48,"12,2",116,60
09/05/2025,97,80,0,46,"1,5",125,64
10/05/2025,333,60,226,46,"56,2",246,24
11/05/2025,83,86,0,44,16,238,68
12/05/2025,99,85,0,45,"1,3",120,68
13/05/2025,136,73,255,45,"20,5",240,51
14/05/2025,228,82,0,46,"28,7",346,32
15/05/2025,23,79,166,48,6,108,63
16/05/2025,96,78,0,44,"2,1",139,62
17/05/2025,283,58,214,49,"46,8",269,23
18/05/2025,71,80,0,50,"13,2",146,64
19/05/2025,0,83,0,46,0,0,78
20/05/2025,142,77,236,47,"12,8",250,53
06/07/2025,0,67,0,53,0,0,63
07/07/2025,84,78,0,51,"0,8",121,62
08/07/2025,114,74,266,49,"15,6",136,51
09/07/2025,183,74,0,51,"14,7",285,37
10/07/2025,91,70,234,52,"14,8",125,56
11/07/2025,155,73,0,53,"11,8",267,36
12/07/2025,68,72,207,53,"14,1",120,57
13/07/2025,135,70,0,50,"23,7",282,49
14/07/2025,96,78,0,52,"0,8",121,62
15/07/2025,116,73,269,51,"16,2",129,51
16/07/2025,99,80,0,52,"17,3",145,64
17/07/2025,91,83,248,49,"10,1",252,66
18/07/2025,153,80,0,52,12,274,40
19/07/2025,194,55,248,55,"26,6",126,27
20/07/2025,84,83,0,50,15,143,66
21/07/2025,83,79,0,53,"1,2",128,63
22/07/2025,124,77,265,52,"18,2",133,53
23/07/2025,114,81,0,50,"20,4",146,56
24/07/2025,92,80,230,53,"9,7",241,64
25/07/2025,151,76,0,52,"11,5",271,38
26/07/2025,96,70,242,54,"22,6",113,56
27/07/2025,87,86,0,50,"16,2",142,68
28/07/2025,73,84,0,52,"0,7",126,67
29/07/2025,107,77,269,49,"16,4",124,53
30/07/2025,165,81,0,49,"13,8",267,40
31/07/2025,79,75,244,50,"13,6",121,60
01/08/2025,125,79,0,49,"8,4",264,55
02/08/2025,161,59,217,54,"27,3",259,29
03/08/2025,91,85,0,49,"17,1",139,68
04/08/2025,65,82,0,50,"0,9",133,65
05/08/2025,118,79,268,49,"18,3",127,55
06/08/2025,177,78,0,51,"14,7",270,39
07/08/2025,94,75,178,51,15,119,60
08/08/2025,139,80,0,49,"8,5",270,56
09/08/2025,181,63,223,54,"30,5",142,31
10/08/2025,116,77,0,52,21,137,53
11/08/2025,76,82,0,49,"0,7",122,65
12/08/2025,117,76,258,48,"17,3",134,53
13/08/2025,188,86,0,48,"16,9",275,43
14/08/2025,84,84,235,51,"10,5",243,67
15/08/2025,89,88,0,47,"15,7",145,70
16/08/2025,181,65,221,49,"29,4",253,32
17/08/2025,0,82,0,49,0,0,77
18/08/2025,0,88,0,49,0,0,83
21/05/2025,134,78,0,48,"11,4",265,54
22/05/2025,33,79,0,48,"7,8",113,63
23/05/2025,106,77,0,45,"1,6",124,53
24/05/2025,228,64,190,51,"39,2",266,25
25/05/2025,95,82,0,47,"17,6",135,65
26/05/2025,0,83,0,47,0,0,78
27/05/2025,60,76,207,46,"10,2",118,60
28/05/2025,38,75,0,49,"8,1",129,60
29/05/2025,38,74,169,47,"4,6",117,59
30/05/2025,30,73,0,51,"0,7",135,58
31/05/2025,33,75,0,49,"6,3",135,60
01/06/2025,566,54,194,52,"90,3",416,21
02/06/2025,0,83,0,50,0,0,78
03/06/2025,0,77,0,47,0,0,73
04/06/2025,57,69,0,51,"0,7",119,55
05/06/2025,0,76,165,47,0,0,72
06/06/2025,88,73,0,48,"0,5",134,58
07/06/2025,53,67,166,50,"10,6",111,53
08/06/2025,32,64,0,52,"7,5",121,51
09/06/2025,55,67,0,53,"0,5",112,53
10/06/2025,47,71,209,50,8,136,56
11/06/2025,69,67,0,53,"6,5",243,53
12/06/2025,41,63,188,53,"6,8",133,50
13/06/2025,48,75,0,53,"0,5",124,60
14/06/2025,73,72,217,50,"12,3",141,57
15/06/2025,0,74,0,49,0,0,70
16/06/2025,68,74,0,53,"0,9",128,59
17/06/2025,92,77,226,47,"12,5",131,61
18/06/2025,147,84,0,48,"13,6",270,58
19/06/2025,73,72,225,51,"11,8",119,57
20/06/2025,164,78,0,51,"13,3",262,39
21/06/2025,94,71,178,51,15,119,56
22/06/2025,92,78,0,52,18,138,62
23/06/2025,89,82,0,51,1,124,65
24/06/2025,84,78,259,49,"13,2",138,62
25/06/2025,180,83,0,50,"14,7",311,41
26/06/2025,69,80,231,52,"11,9",121,64
27/06/2025,152,80,0,51,"11,5",267,40
28/06/2025,48,81,184,53,"12,3",113,64
29/06/2025,64,83,0,50,"12,2",137,66
30/06/2025,92,82,0,52,"1,1",125,65
01/07/2025,93,82,266,50,"14,5",137,65
02/07/2025,166,81,0,51,"12,4",270,40
03/07/2025,75,82,228,52,"12,3",121,65
04/07/2025,88,78,0,53,1,119,62
05/07/2025,120,67,212,54,"20,7",139,46
18/08/2024,104,75,0,43,"20,7",124,52
19/08/2024,75,77,0,42,"1,5",109,61
20/08/2024,137,71,257,41,"25,3",248,49
21/08/2024,158,77,0,44,"14,1",249,38
22/08/2024,104,75,263,43,18,114,52
23/08/2024,0,76,0,42,0,0,72
24/08/2024,255,56,231,47,"47,4",267,22
25/08/2024,103,66,0,47,"20,7",125,46
26/08/2024,91,79,0,45,"1,9",110,63
27/08/2024,153,63,265,45,"27,3",246,31
28/08/2024,166,70,0,47,"15,3",245,35
29/08/2024,224,69,271,48,"44,9",259,27
30/08/2024,99,77,0,45,"1,2",110,61
31/08/2024,50,85,0,44,"10,6",123,68
01/09/2024,55,76,235,47,"12,4",106,60
02/09/2024,92,78,0,46,"1,5",118,62
03/09/2024,140,85,270,44,"25,5",250,59
04/09/2024,183,74,0,48,16,248,37
05/09/2024,74,85,270,45,"13,6",114,68
06/09/2024,115,80,0,47,"1,3",110,56
07/09/2024,228,81,230,46,"41,7",261,32
08/09/2024,95,79,0,48,"18,8",126,63
09/09/2024,77,73,0,47,"1,6",110,58
10/09/2024,86,82,256,46,"14,7",127,65
11/09/2024,175,81,0,47,"14,7",240,40
12/09/2024,63,79,283,49,"13,3",115,63
13/09/2024,103,80,0,48,1,109,56
14/09/2024,93,75,230,46,"17,6",125,60
15/09/2024,80,81,0,48,"15,4",128,64
16/09/2024,71,86,0,44,"0,9",106,68
17/09/2024,78,77,258,47,"13,4",125,61
18/09/2024,89,82,0,48,"9,2",246,65
19/09/2024,49,82,251,49,"9,8",114,65
20/09/2024,0,80,0,49,0,0,76
21/09/2024,27,80,231,51,"4,6",126,64
22/09/2024,285,82,0,48,"22,2",132,32
23/09/2024,0,82,0,0,0,0,95
24/09/2024,0,82,257,0,0,0,95
25/09/2024,109,62,0,48,"9,1",236,43
26/09/2024,79,62,183,0,14,121,80
27/09/2024,121,83,0,48,"10,5",239,58
28/09/2024,126,83,231,0,"25,6",124,70
29/09/2024,68,82,0,48,"14,6",123,65
30/09/2024,83,86,0,44,"1,1",114,68
01/10/2024,114,73,273,47,"19,2",127,51
02/10/2024,170,86,0,47,"14,2",255,43
03/10/2024,62,86,183,48,"11,7",116,68
04/10/2024,100,87,0,46,"1,4",115,69
05/10/2024,225,83,235,46,"42,1",258,33
06/10/2024,85,82,0,50,"16,8",129,65
07/10/2024,107,83,0,45,"1,5",120,58
08/10/2024,111,86,226,43,"18,4",125,60
09/10/2024,111,86,0,0,"1,5",109,70
10/10/2024,0,83,208,45,0,0,78
11/10/2024,113,82,0,45,"1,5",116,57
12/10/2024,126,82,0,0,"25,1",121,70
13/10/2024,92,87,0,44,"1,5",106,69
14/10/2024,62,77,0,44,"10,8",126,61
15/10/2024,83,84,180,44,"6,9",232,67
16/10/2024,0,68,0,48,0,0,64
17/10/2024,46,77,267,44,"8,7",122,61
18/10/2024,26,78,0,46,"4,2",124,62
19/10/2024,122,73,233,48,"22,9",131,51
20/10/2024,0,65,0,50,0,0,61
21/10/2024,38,84,0,48,"8,8",115,67
22/10/2024,0,84,268,46,0,0,87
23/10/2024,0,37,0,51,0,0,35
24/10/2024,82,87,179,45,"14,1",130,69
25/10/2024,109,75,0,50,"9,5",238,52
26/10/2024,83,81,235,48,"15,5",125,64
27/10/2024,47,78,0,48,"9,8",132,62
28/10/2024,86,77,0,49,"1,1",115,61
29/10/2024,103,83,232,47,"16,5",133,58
30/10/2024,152,77,0,47,"11,7",245,38
31/10/2024,98,69,223,47,"16,5",127,55
01/11/2024,150,75,0,46,"12,3",247,52
02/11/2024,114,75,0,47,"25,2",125,52
03/11/2024,53,84,217,46,"11,5",128,67
04/11/2024,98,83,0,44,"1,3",108,66
05/11/2024,108,72,171,44,"18,1",128,50
06/11/2024,157,74,0,47,"13,1",251,37
07/11/2024,102,81,222,44,"18,1",123,56
08/11/2024,163,81,0,47,"12,3",248,40
09/11/2024,167,66,225,46,"29,3",124,33
10/11/2024,74,73,0,49,"14,8",130,58
11/11/2024,93,82,0,49,"1,2",107,65
12/11/2024,117,88,272,46,"19,5",129,61
13/11/2024,167,80,0,47,"15,2",246,40
14/11/2024,96,71,246,46,"18,7",125,56
15/11/2024,115,78,0,46,"1,1",109,54
16/11/2024,217,62,232,46,"39,8",265,24
17/11/2024,93,81,0,47,"18,6",127,64
18/11/2024,105,82,0,44,"1,2",109,57
19/11/2024,122,73,0,48,"20,2",127,51
20/11/2024,177,82,169,44,"15,4",245,41
21/11/2024,94,75,184,46,"18,6",121,60
22/11/2024,111,75,0,0,"1,3",105,70
23/11/2024,240,67,274,45,"45,3",265,26
24/11/2024,96,80,0,46,"18,9",129,64
25/11/2024,115,87,0,45,"1,5",110,60
26/11/2024,147,88,272,45,"26,4",244,61
27/11/2024,192,85,0,46,"16,6",248,42
28/11/2024,60,85,279,44,"13,1",115,68
29/11/2024,115,85,0,0,"1,4",106,70
30/11/2024,260,62,185,45,"45,6",265,24
01/12/2024,93,85,0,48,"18,6",125,68
02/12/2024,99,81,0,46,"1,2",111,64
03/12/2024,124,71,229,47,"20,7",126,49
04/12/2024,168,86,0,46,"14,6",250,43
05/12/2024,181,71,254,47,"33,2",257,35
06/12/2024,100,82,0,44,"1,2",108,65
07/12/2024,0,74,268,0,0,0,70
08/12/2024,0,74,0,50,0,0,70
09/12/2024,59,79,0,48,"12,1",123,63
10/12/2024,67,78,260,47,11,119,62
11/12/2024,87,76,0,48,"11,3",251,60
12/12/2024,56,76,235,48,1,127,60
13/12/2024,57,74,0,48,"10,1",127,59
14/12/2024,0,77,181,48,0,0,73
15/12/2024,297,71,0,49,"47,2",412,28
16/12/2024,0,82,0,46,0,0,77
17/12/2024,0,79,262,48,0,0,75
18/12/2024,67,78,0,51,"1,2",108,62
19/12/2024,41,75,248,49,"8,3",123,60
20/12/2024,82,76,0,48,"1,3",109,60
21/12/2024,78,75,179,48,"1,6",98,60
22/12/2024,57,67,0,50,"11,9",128,53
23/12/2024,0,78,0,49,0,0,74
24/12/2024,70,77,187,47,"13,7",139,61
25/12/2024,0,73,0,49,0,0,69
26/12/2024,85,77,252,47,"15,7",136,61
27/12/2024,0,75,0,48,0,0,71
28/12/2024,75,72,192,50,"15,2",127,57
29/12/2024,0,72,0,49,0,0,68
30/12/2024,91,72,0,0,"17,4",132,80
31/12/2024,0,72,196,0,0,0,95
01/01/2025,96,66,0,53,"18,4",134,52
02/01/2025,0,66,0,0,0,0,95
03/01/2025,84,68,0,51,"16,7",128,54
04/01/2025,0,68,0,0,0,0,95
05/01/2025,0,68,0,0,0,0,95
06/01/2025,85,79,0,51,"15,8",139,63
07/01/2025,60,69,0,54,1,121,55
08/01/2025,82,65,0,53,"16,3",132,52
09/01/2025,0,75,246,54,0,0,71
10/01/2025,72,64,0,54,"1,2",107,51
11/01/2025,97,76,179,52,"18,7",137,60
12/01/2025,0,73,0,50,0,0,69
13/01/2025,82,70,0,51,"1,2",104,56
14/01/2025,62,71,247,52,"11,6",129,56
15/01/2025,153,62,0,52,"13,9",248,31
16/01/2025,66,71,251,53,"12,6",126,56
17/01/2025,155,77,0,53,"14,1",247,38
18/01/2025,101,71,179,54,"18,3",129,49
19/01/2025,83,69,0,52,"15,8",136,55
20/01/2025,87,71,176,55,"1,2",114,56
21/01/2025,79,70,251,51,"14,1",128,56
22/01/2025,109,72,210,51,"3,9",268,50
23/01/2025,83,75,0,53,"15,4",125,60
24/01/2025,168,71,0,53,"15,2",257,35
25/01/2025,122,73,0,51,"24,3",133,51
26/01/2025,79,80,0,50,"15,8",132,64
27/01/2025,92,77,0,52,"1,4",113,61
28/01/2025,86,82,244,49,"15,3",127,65
29/01/2025,165,76,0,48,"14,4",247,38
30/01/2025,95,74,244,46,"16,5",123,59
31/01/2025,166,68,0,50,"14,5",252,34
01/02/2025,163,73,216,52,"32,2",132,36
02/02/2025,81,76,0,52,"16,2",131,60
03/02/2025,99,76,0,49,"1,4",111,60
04/02/2025,187,86,264,49,"33,3",268,43
05/02/2025,181,73,0,50,"14,1",245,36
06/02/2025,106,81,246,47,"18,2",121,56
07/02/2025,106,83,0,50,"1,3",112,58
08/02/2025,74,86,227,44,"15,7",129,68
09/02/2025,210,58,0,52,41,268,23
10/02/2025,102,80,0,48,"1,6",124,56
11/02/2025,102,74,170,45,"18,3",122,51
12/02/2025,169,69,0,49,"13,7",237,34
13/02/2025,103,71,238,48,"17,7",118,49
14/02/2025,115,71,0,49,"1,3",109,49
15/02/2025,240,77,227,46,"46,3",261,30
16/02/2025,92,86,0,48,"18,2",124,68
17/02/2025,112,80,0,47,"1,5",118,56
18/02/2025,42,80,266,44,"8,8",126,64
19/02/2025,183,86,0,46,"14,4",247,43
20/02/2025,103,76,232,46,"18,1",131,53
21/02/2025,115,76,0,47,"1,3",107,53
22/02/2025,184,80,215,47,"35,3",262,40
23/02/2025,89,86,0,47,"18,3",129,68
24/02/2025,58,79,0,48,"0,9",135,63
25/02/2025,90,85,227,45,"17,4",130,68
26/02/2025,159,87,0,46,"14,1",245,43
27/02/2025,75,87,0,48,"16,3",117,69
28/02/2025,70,78,233,43,"1,4",132,62
01/03/2025,139,81,0,46,"27,2",252,56
02/03/2025,83,82,0,45,"15,9",131,65
03/03/2025,64,84,0,46,1,113,67
04/03/2025,16,85,225,44,"3,4",103,68
05/03/2025,91,76,0,45,"10,5",259,60
06/03/2025,56,82,0,42,"10,2",124,65
07/03/2025,42,69,0,44,"0,7",128,55
08/03/2025,30,81,62,45,"6,3",125,64
09/03/2025,305,66,223,48,"48,1",413,26
10/03/2025,0,83,0,47,0,0,78
11/03/2025,64,78,165,48,"13,4",121,62
12/03/2025,124,85,0,45,"8,2",226,59
13/03/2025,87,79,0,46,"14,4",125,63
14/03/2025,138,73,0,48,"11,5",244,51
15/03/2025,126,67,228,45,"24,3",122,46
16/03/2025,72,76,0,48,"13,8",125,60
17/03/2025,88,87,0,47,1,106,69
18/03/2025,103,70,256,48,"17,9",128,49
19/03/2025,149,78,0,47,"13,2",240,54
20/03/2025,96,76,174,48,"17,8",124,60
21/03/2025,150,75,0,47,"11,9",240,52
22/03/2025,136,65,224,47,"25,9",126,45
23/03/2025,84,74,0,48,"15,6",131,59
24/03/2025,94,83,0,47,"1,2",112,66
25/03/2025,122,79,251,45,"19,6",127,55
26/03/2025,172,79,0,45,"13,8",240,39
27/03/2025,96,80,172,44,"16,8",118,64
28/03/2025,160,76,0,47,"12,4",231,38
29/03/2025,153,72,233,45,30,121,36
30/03/2025,89,82,0,45,"16,7",123,65
31/03/2025,103,81,0,46,"1,3",108,56
01/04/2025,104,76,223,42,"16,9",121,53
02/04/2025,176,81,0,46,"14,3",235,40
03/04/2025,100,81,0,42,"17,3",119,64
04/04/2025,152,74,0,48,"11,3",234,37
05/04/2025,152,70,195,45,"30,1",121,35
06/04/2025,90,70,220,0,"17,1",117,80
07/04/2025,105,82,0,49,"1,4",101,57
08/04/2025,87,77,170,45,"14,5",123,61
09/04/2025,170,78,0,48,"13,7",237,39
10/04/2025,82,86,233,46,"13,7",117,68
11/04/2025,176,74,0,45,"14,1",233,37
12/04/2025,153,77,217,46,"30,4",121,38
13/04/2025,89,78,0,47,"17,2",128,62
14/04/2025,103,71,0,48,"1,7",104,49
15/04/2025,106,86,264,43,"17,5",125,60
16/04/2025,128,78,0,46,"3,9",256,54
17/04/2025,101,75,244,47,"17,4",123,52
18/04/2025,115,85,220,45,"1,3",111,59
19/04/2025,202,81,0,48,"38,8",267,32
20/04/2025,93,80,0,47,"17,8",128,64
21/04/2025,115,80,0,0,"1,7",108,70
22/04/2025,109,77,254,48,"18,8",130,53
23/04/2025,196,81,161,48,"16,5",243,40
24/04/2025,76,85,224,44,"15,6",119,68
25/04/2025,103,81,0,46,"1,3",112,56
26/04/2025,188,73,225,46,"36,9",247,36
27/04/2025,106,78,0,47,20,132,54
28/04/2025,105,73,0,50,"1,1",113,51
29/04/2025,115,82,259,45,"19,5",124,57
30/04/2025,172,84,164,46,"14,8",250,42
01/05/2025,214,68,180,43,"42,6",123,27
02/05/2025,98,84,0,47,"1,3",110,67
03/05/2025,131,79,225,45,"23,3",116,55
04/05/2025,92,80,0,45,"17,8",132,64
05/05/2025,97,77,0,48,"1,3",113,61
06/05/2025,112,84,255,46,"17,6",122,58
07/05/2025,159,83,161,43,"13,5",236,41
08/05/2025,101,82,162,46,"16,8",119,57
09/05/2025,155,71,0,48,"12,1",239,35
10/05/2025,31,86,226,45,"6,1",117,68
11/05/2025,96,87,0,45,"17,9",134,69
12/05/2025,97,81,0,47,"1,3",110,64
13/05/2025,0,81,255,0,0,0,95
14/05/2025,164,78,0,44,"14,3",252,39
15/05/2025,135,67,166,47,"20,1",126,46
16/05/2025,155,74,0,48,"14,1",251,37
17/05/2025,138,74,214,49,"23,1",124,51
18/05/2025,66,74,0,0,"13,8",125,80
19/05/2025,0,74,0,0,0,0,95
20/05/2025,48,74,236,0,"10,1",136,80
06/07/2025,473,64,0,46,"76,5",397,25
07/07/2025,0,79,0,46,0,0,75
08/07/2025,0,72,266,45,0,0,68
09/07/2025,0,85,0,44,0,0,80
10/07/2025,43,71,234,48,"8,8",123,56
11/07/2025,0,70,0,49,0,0,66
12/07/2025,71,77,207,48,"13,7",138,61
13/07/2025,140,69,0,43,"25,8",125,48
14/07/2025,90,74,0,48,"1,4",129,59
15/07/2025,131,69,269,45,"18,3",124,48
16/07/2025,93,78,0,45,"17,6",135,62
17/07/2025,187,74,248,45,"18,8",237,37
18/07/2025,115,74,0,47,"1,5",116,51
19/07/2025,191,72,248,46,"34,5",253,36
20/07/2025,0,84,0,44,0,0,79
21/07/2025,78,87,0,45,"15,1",135,69
22/07/2025,130,73,265,47,"18,7",122,51
23/07/2025,51,73,0,45,"9,7",129,58
24/07/2025,182,75,230,47,"17,9",228,37
25/07/2025,115,72,0,45,"1,5",111,50
26/07/2025,222,88,242,44,"40,2",259,35
27/07/2025,93,81,0,48,"23,2",136,64
28/07/2025,92,81,0,0,"1,4",118,80
29/07/2025,106,75,269,42,"17,5",129,52
30/07/2025,105,72,0,47,"19,8",133,50
31/07/2025,197,76,244,48,"19,4",237,38
01/08/2025,115,78,0,44,"1,4",112,54
02/08/2025,224,70,217,45,"40,3",259,28
03/08/2025,206,79,0,45,"21,1",243,31
04/08/2025,0,73,0,48,0,0,69
05/08/2025,114,82,268,48,"17,6",132,57
06/08/2025,105,77,0,47,"19,3",132,53
07/08/2025,227,78,178,49,"20,5",241,31
08/08/2025,91,81,0,49,"18,4",125,64
09/08/2025,0,61,223,52,0,0,57
10/08/2025,246,66,0,51,"43,1",265,26
11/08/2025,79,89,0,43,"1,3",114,71
12/08/2025,107,77,258,44,"16,7",132,53
13/08/2025,103,84,0,46,"19,1",133,58
14/08/2025,209,79,235,49,"16,7",227,31
15/08/2025,85,71,0,44,"1,4",111,56
16/08/2025,239,67,221,48,"42,9",264,26
17/08/2025,98,80,0,45,"24,3",134,64
18/08/2025,0,80,0,0,0,0,95
21/05/2025,0,74,0,0,0,0,95
22/05/2025,57,74,0,0,"11,9",129,80
23/05/2025,0,74,0,0,0,0,95
24/05/2025,60,74,190,0,"12,2",128,80
25/05/2025,0,74,0,0,0,0,95
26/05/2025,0,72,0,49,0,0,68
27/05/2025,107,71,207,48,"16,8",127,49
28/05/2025,141,80,0,46,"14,7",252,56
29/05/2025,99,69,169,47,16,0,55
30/05/2025,0,67,0,53,0,0,63
31/05/2025,150,80,0,47,"26,2",128,56
01/06/2025,83,79,194,48,"15,6",135,63
02/06/2025,84,79,0,45,1,109,63
03/06/2025,123,82,0,48,"18,5",129,57
04/06/2025,146,79,0,49,"13,5",245,55
05/06/2025,101,81,165,46,"16,1",123,56
06/06/2025,150,75,0,46,"13,6",246,52
07/06/2025,158,77,166,50,"26,6",123,38
08/06/2025,89,87,0,45,"16,8",136,69
09/06/2025,93,82,0,48,"1,1",109,65
10/06/2025,131,87,209,46,"19,5",129,60
11/06/2025,163,85,0,48,"13,7",235,42
12/06/2025,237,67,188,64,"39,3",268,26
13/06/2025,102,86,0,48,"1,2",0,60
14/06/2025,35,82,217,48,"10,8",128,65
15/06/2025,0,78,0,49,0,0,74
16/06/2025,100,88,0,44,"1,5",121,70
17/06/2025,118,88,226,42,"19,7",131,61
18/06/2025,180,65,0,48,"15,5",265,32
19/06/2025,139,65,225,49,"19,7",124,66
20/06/2025,113,80,0,47,"1,5",113,56
21/06/2025,230,71,178,45,"39,1",267,28
22/06/2025,88,89,0,46,"17,6",133,71
23/06/2025,106,76,0,47,"1,6",117,53
24/06/2025,89,76,259,44,"13,7",133,60
25/06/2025,148,80,0,44,"14,4",256,56
26/06/2025,76,79,231,44,"13,6",125,63
27/06/2025,105,79,0,0,"1,4",114,70
28/06/2025,168,74,184,46,"28,4",265,37
29/06/2025,79,87,0,46,"15,2",135,69
30/06/2025,69,77,0,47,"1,2",122,61
01/07/2025,52,77,266,49,9,125,61
02/07/2025,54,83,0,43,"10,6",134,66
03/07/2025,68,83,228,43,"0,9",107,66
04/07/2025,41,78,0,48,"7,9",133,62
05/07/2025,0,83,212,44,0,0,78
03/10/2024,63,70,183,48,"11,3",97,56
04/10/2024,115,79,0,41,"1,2",105,55
05/10/2024,241,57,235,48,"37,5",267,22
06/10/2024,105,59,0,49,"18,9",135,41
07/10/2024,38,80,0,46,"0,7",113,64
08/10/2024,81,78,226,41,"10,9",115,62
09/10/2024,98,78,0,38,"10,3",241,62
10/10/2024,69,77,208,38,"10,2",114,61
11/10/2024,0,84,0,39,0,0,79
12/10/2024,33,81,0,41,"6,3",139,64
13/10/2024,300,80,0,40,0,0,32
14/10/2024,0,90,0,42,0,0,85
15/10/2024,114,73,180,44,"11,7",223,51
16/10/2024,146,83,0,40,"13,9",246,58
17/10/2024,107,83,267,41,"14,4",114,58
18/10/2024,115,84,0,40,"1,5",105,58
19/10/2024,227,65,233,44,"36,3",260,26
20/10/2024,94,79,0,42,"17,2",132,63
21/10/2024,59,83,0,41,"1,2",105,66
22/10/2024,107,76,268,41,"14,1",0,53
23/10/2024,146,87,0,38,"14,7",251,60
24/10/2024,53,81,179,38,"9,8",102,64
25/10/2024,114,90,0,36,"1,4",100,63
26/10/2024,210,72,235,41,"32,1",266,28
27/10/2024,77,79,0,42,"13,7",134,63
28/10/2024,0,81,0,41,0,0,76
29/10/2024,70,85,232,37,"9,8",115,68
30/10/2024,84,78,0,38,"8,9",237,62
31/10/2024,57,81,223,35,"9,1",109,64
01/11/2024,27,86,0,36,"0,4",107,68
02/11/2024,30,82,0,38,"6,1",122,65
03/11/2024,366,75,217,39,"24,5",123,30
04/11/2024,0,89,0,38,0,0,84
05/11/2024,56,82,171,36,"10,6",102,65
06/11/2024,102,72,0,37,"10,3",239,50
07/11/2024,86,71,222,36,"12,4",114,56
08/11/2024,127,85,0,37,"11,4",239,59
09/11/2024,118,72,225,41,"17,8",113,50
10/11/2024,65,82,0,40,"12,2",131,65
11/11/2024,48,76,0,41,"0,7",111,60
12/11/2024,127,79,272,38,"16,7",122,55
13/11/2024,143,80,0,39,"11,1",263,56
14/11/2024,111,77,246,37,"13,8",122,53
15/11/2024,115,80,0,38,"0,9",99,56
16/11/2024,184,72,232,40,"29,9",254,36
17/11/2024,78,69,0,43,"14,3",125,55
18/11/2024,42,76,0,43,"0,8",108,60
19/11/2024,0,76,0,43,0,0,72
20/11/2024,30,72,169,42,"5,8",107,57
21/11/2024,76,76,184,42,"13,6",105,60
22/11/2024,102,74,0,43,"9,8",222,51
23/11/2024,131,75,274,38,19,111,52
24/11/2024,63,85,0,38,"11,9",129,68
25/11/2024,64,87,0,38,1,104,69
26/11/2024,123,77,272,39,"15,6",120,53
27/11/2024,135,79,0,39,"12,9",233,55
28/11/2024,113,73,279,35,"15,9",115,51
29/11/2024,129,70,0,42,"11,4",242,49
30/11/2024,121,66,185,43,"21,1",111,46
01/12/2024,71,75,0,42,"12,8",129,60
02/12/2024,61,86,0,39,"1,1",113,68
03/12/2024,103,62,229,44,"15,2",105,43
04/12/2024,115,73,0,44,"9,7",238,51
05/12/2024,113,73,254,41,"14,1",121,51
06/12/2024,162,72,0,42,10,231,36
07/12/2024,222,60,268,46,"31,1",121,24
08/12/2024,69,76,0,45,"12,7",138,60
09/12/2024,61,82,0,56,"1,1",108,65
10/12/2024,120,75,260,43,"15,5",123,52
11/12/2024,172,70,0,49,"18,7",248,35
12/12/2024,113,78,235,38,17,173,54
13/12/2024,130,88,0,37,"11,1",238,61
14/12/2024,119,65,181,44,21,109,45
15/12/2024,69,72,0,47,13,129,57
16/12/2024,64,73,0,47,1,108,58
17/12/2024,113,71,262,43,"14,4",118,49
18/12/2024,141,69,0,46,"13,9",258,48
19/12/2024,117,47,248,48,"15,3",120,32
20/12/2024,125,82,0,43,11,238,57
21/12/2024,149,52,179,48,"26,6",109,36
22/12/2024,63,53,0,50,"11,9",131,42
23/12/2024,49,80,0,46,1,119,64
24/12/2024,142,68,187,44,"24,4",114,47
25/12/2024,60,46,0,50,"11,6",131,36
26/12/2024,101,72,252,49,"13,9",117,50
27/12/2024,120,80,0,42,"11,5",236,56
28/12/2024,147,59,192,47,"25,5",119,41
29/12/2024,66,61,0,47,"12,5",136,48
30/12/2024,50,57,0,50,"0,9",104,45
31/12/2024,148,64,196,47,"25,6",110,44
01/01/2025,64,49,0,51,"11,9",148,39
02/01/2025,0,83,0,46,0,0,78
03/01/2025,0,80,0,45,0,0,76
04/01/2025,67,61,0,50,"12,3",132,48
05/01/2025,61,73,0,48,"11,7",125,58
06/01/2025,0,61,0,51,0,0,57
07/01/2025,76,69,0,44,"13,6",144,55
08/01/2025,69,69,0,51,"12,3",142,55
09/01/2025,88,77,246,46,"13,2",126,61
10/01/2025,112,72,0,47,"10,7",246,50
11/01/2025,133,66,179,50,"23,7",124,46
12/01/2025,73,83,0,45,14,140,66
13/01/2025,51,75,0,47,"0,9",115,60
14/01/2025,107,78,247,47,"15,5",125,54
15/01/2025,130,76,0,44,"13,1",281,53
16/01/2025,106,79,251,45,"15,4",121,55
17/01/2025,108,77,0,46,"10,8",237,53
18/01/2025,69,85,179,44,"12,2",104,68
19/01/2025,0,85,0,43,0,0,80
20/01/2025,79,81,176,43,14,105,64
21/01/2025,112,77,251,44,"16,5",118,53
22/01/2025,55,68,210,48,"8,6",109,54
23/01/2025,0,74,0,48,0,0,70
24/01/2025,0,68,0,48,0,0,64
25/01/2025,55,68,0,49,"10,1",139,54
26/01/2025,68,75,0,48,"12,6",146,60
27/01/2025,68,75,0,49,"1,2",105,60
28/01/2025,151,72,244,44,"23,7",251,36
29/01/2025,147,81,0,45,"13,9",255,56
30/01/2025,93,72,244,46,"14,1",118,57
31/01/2025,101,86,0,42,"1,4",108,60
01/02/2025,220,58,216,50,"36,6",254,23
02/02/2025,84,60,0,50,"15,9",135,48
03/02/2025,57,76,0,50,"1,1",107,60
04/02/2025,132,79,264,42,"18,3",0,55
05/02/2025,141,86,0,42,"14,2",241,60
06/02/2025,97,75,246,43,"13,3",0,60
07/02/2025,91,76,0,47,"1,4",115,60
08/02/2025,253,67,227,45,"41,1",160,26
09/02/2025,97,78,0,43,"17,9",135,62
10/02/2025,57,73,0,48,"1,1",112,58
11/02/2025,43,78,170,42,8,0,62
12/02/2025,146,62,0,48,"14,5",256,43
13/02/2025,92,75,238,44,"12,2",116,60
14/02/2025,80,83,0,43,"1,2",120,66
15/02/2025,258,69,227,42,"41,8",261,27
16/02/2025,98,78,0,48,"18,1",133,62
17/02/2025,60,85,0,42,1,102,68
18/02/2025,146,77,266,46,"21,5",241,53
19/02/2025,154,89,0,41,"15,9",257,44
20/02/2025,98,74,232,45,"12,9",128,59
21/02/2025,84,76,0,47,"1,2",113,60
22/02/2025,199,74,215,45,"33,2",280,37
23/02/2025,92,72,0,48,"17,6",136,57
24/02/2025,49,85,0,42,1,101,68
25/02/2025,73,79,227,41,"12,1",129,63
26/02/2025,152,79,0,38,"14,4",255,46
27/02/2025,68,83,0,39,"1,1",108,66
28/02/2025,182,65,233,46,"27,1",289,32
01/03/2025,0,83,0,43,0,0,78
02/03/2025,84,67,0,46,"15,3",128,53
03/03/2025,0,84,0,43,0,0,79
04/03/2025,80,82,225,42,"11,4",117,65
05/03/2025,91,80,0,42,"9,7",257,64
06/03/2025,0,81,0,41,0,0,76
07/03/2025,62,81,0,38,7,268,72
08/03/2025,36,83,62,40,7,115,66
09/03/2025,355,77,223,40,"49,6",380,30
10/03/2025,0,75,0,45,0,0,71
11/03/2025,59,76,165,43,"11,3",103,60
12/03/2025,121,84,0,40,"13,4",237,58
13/03/2025,0,82,0,40,0,0,77
14/03/2025,140,67,0,45,"12,2",226,46
15/03/2025,187,74,228,44,"29,2",117,37
16/03/2025,86,63,0,46,"16,1",123,50
17/03/2025,63,76,0,45,"1,2",109,60
18/03/2025,128,79,256,43,"17,9",118,55
19/03/2025,147,76,0,45,"14,4",261,53
20/03/2025,103,72,174,43,"19,3",236,50
21/03/2025,105,78,0,43,"1,7",121,54
22/03/2025,268,67,224,45,"42,8",236,26
23/03/2025,104,80,0,45,"19,3",114,56
24/03/2025,49,73,0,48,"0,9",107,58
25/03/2025,134,70,251,39,"20,6",242,49
26/03/2025,152,83,0,40,"14,3",258,41
27/03/2025,49,75,172,40,"9,1",103,60
28/03/2025,115,83,0,42,"1,3",110,58
29/03/2025,189,66,233,45,"29,3",250,33
30/03/2025,76,55,0,46,"14,5",108,44
31/03/2025,0,89,0,41,0,0,84
01/04/2025,61,86,223,41,"8,6",111,68
02/04/2025,88,75,0,44,"8,8",237,60
03/04/2025,0,86,0,40,0,0,81
04/04/2025,42,78,0,43,"7,8",116,62
05/04/2025,13,81,195,43,"2,2",0,64
06/04/2025,344,81,220,0,47,410,40
07/04/2025,0,81,0,46,0,0,76
08/04/2025,56,82,170,43,"10,3",106,65
09/04/2025,109,69,0,47,"9,9",242,48
10/04/2025,105,69,233,47,"14,6",114,48
11/04/2025,132,81,0,44,"11,2",249,56
12/04/2025,154,66,217,46,"24,3",115,33
13/04/2025,78,68,0,49,15,128,54
14/04/2025,56,85,0,43,"0,8",104,68
15/04/2025,136,75,264,41,"18,4",115,52
16/04/2025,150,78,0,46,"15,5",256,54
17/04/2025,108,51,244,49,14,114,35
18/04/2025,250,70,220,42,"40,7",211,28
19/04/2025,91,78,0,47,"1,3",107,62
20/04/2025,102,67,0,49,"18,9",115,46
21/04/2025,91,82,0,44,"1,5",102,65
22/04/2025,102,83,254,45,"14,4",116,58
23/04/2025,166,77,161,43,"17,3",349,38
24/04/2025,81,80,224,42,"12,3",108,64
25/04/2025,86,63,0,48,"1,4",119,50
26/04/2025,293,64,225,44,"47,6",249,25
27/04/2025,118,61,0,48,"21,6",116,42
28/04/2025,104,86,0,43,"1,9",106,60
29/04/2025,120,78,259,46,"16,9",117,54
30/04/2025,176,70,164,44,19,289,35
01/05/2025,96,64,180,45,"17,2",111,51
02/05/2025,97,57,0,49,"1,5",114,45
03/05/2025,314,65,225,44,50,219,26
04/05/2025,132,81,0,44,"22,3",150,56
05/05/2025,107,88,0,43,"1,7",115,61
06/05/2025,96,82,255,41,"13,1",112,65
07/05/2025,216,75,161,42,"26,7",344,30
08/05/2025,55,73,162,42,"10,9",100,58
09/05/2025,96,89,0,39,"1,4",114,71
10/05/2025,335,60,226,42,"54,1",220,24
11/05/2025,88,81,0,43,16,110,64
12/05/2025,96,80,0,46,"1,5",114,64
13/05/2025,134,74,255,43,"20,1",234,51
14/05/2025,222,73,0,41,"27,6",247,29
15/05/2025,50,77,166,45,"9,9",100,61
16/05/2025,104,76,0,46,"1,8",102,53
17/05/2025,296,68,214,42,"48,8",135,27
18/05/2025,69,79,0,44,"12,6",126,63
19/05/2025,0,87,0,43,0,0,82
20/05/2025,77,74,236,42,"10,3",121,59
21/05/2025,152,71,0,41,"14,2",241,35
22/05/2025,0,69,0,45,0,0,65
23/05/2025,102,82,0,42,"1,6",116,57
24/05/2025,194,62,190,46,"33,6",136,31
25/05/2025,79,79,0,43,"14,4",135,63
26/05/2025,0,82,0,41,0,0,77
27/05/2025,66,74,207,40,"10,7",108,59
28/05/2025,50,72,0,42,"0,7",105,57
29/05/2025,70,76,169,41,"12,1",131,60
30/05/2025,41,81,0,40,"0,6",122,64
31/05/2025,32,74,0,39,"6,1",128,59
01/06/2025,545,54,194,43,90,265,21
02/06/2025,0,69,0,50,0,0,65
03/06/2025,0,74,0,45,0,0,70
04/06/2025,50,59,0,46,"0,7",101,47
05/06/2025,42,59,165,48,"8,1",0,47
06/06/2025,48,66,0,48,"0,6",119,52
07/06/2025,60,53,166,48,"11,3",0,42
08/06/2025,47,54,0,51,"9,2",128,43
09/06/2025,42,71,0,46,"0,7",113,56
10/06/2025,53,51,209,52,"8,8",106,40
11/06/2025,77,53,0,51,"7,5",246,42
12/06/2025,46,69,188,47,"7,9",106,55
13/06/2025,87,62,0,53,"7,7",229,49
14/06/2025,90,63,217,50,"14,7",0,50
15/06/2025,49,58,0,52,"9,1",135,46
16/06/2025,64,70,0,48,"1,1",100,56
17/06/2025,91,70,226,48,"13,7",0,56
18/06/2025,140,83,0,45,"11,2",242,58
19/06/2025,82,71,225,46,"13,2",0,56
20/06/2025,142,72,0,49,"11,5",239,50
21/06/2025,111,66,178,47,20,0,46
22/06/2025,62,71,0,47,"11,6",133,56
23/06/2025,70,82,0,43,"1,1",115,65
24/06/2025,118,82,259,44,"15,8",118,57
25/06/2025,151,74,0,50,"12,6",270,37
26/06/2025,94,74,231,42,"13,8",113,59
27/06/2025,141,82,0,44,"11,7",252,57
28/06/2025,127,72,184,41,"22,4",0,50
29/06/2025,73,71,0,47,"13,6",126,56
30/06/2025,72,85,0,45,"1,2",111,68
01/07/2025,117,83,266,43,"15,4",121,58
02/07/2025,167,80,0,45,"14,1",260,40
03/07/2025,100,79,228,43,"14,5",119,63
04/07/2025,140,74,0,48,"11,9",263,51
05/07/2025,150,68,212,47,"23,8",0,47
06/07/2025,70,82,0,48,"13,1",128,65
07/07/2025,60,81,0,47,1,114,64
08/07/2025,130,72,266,47,"16,9",0,50
09/07/2025,77,88,0,43,"14,1",136,70
10/07/2025,106,77,234,43,"15,1",0,53
11/07/2025,144,81,0,45,12,246,56
12/07/2025,137,67,207,48,"22,8",0,46
13/07/2025,82,78,0,45,"15,2",133,62
14/07/2025,61,79,0,45,1,114,63
15/07/2025,127,82,269,43,"16,9",0,57
16/07/2025,176,70,0,49,"14,7",246,35
17/07/2025,112,20,248,49,"15,6",0,14
18/07/2025,145,73,0,49,"12,8",233,51
19/07/2025,146,66,248,46,"23,8",0,46
20/07/2025,77,67,0,50,14,133,53
21/07/2025,32,78,0,44,"0,5",108,62
22/07/2025,129,61,265,49,"17,9",119,42
23/07/2025,175,71,0,44,"16,4",263,35
24/07/2025,117,70,230,46,"16,3",113,49
25/07/2025,149,79,0,45,"13,5",245,55
26/07/2025,160,65,242,44,"25,8",0,32
27/07/2025,82,61,0,49,"15,3",132,48
28/07/2025,25,80,0,46,"0,4",94,64
29/07/2025,129,87,269,44,"17,2",123,60
30/07/2025,147,78,0,44,"14,8",253,54
31/07/2025,105,65,244,42,"15,1",116,45
01/08/2025,130,71,0,49,"11,2",258,49
02/08/2025,140,70,217,47,"23,4",0,49
03/08/2025,71,71,0,49,"13,2",132,56
04/08/2025,51,77,0,47,1,111,61
05/08/2025,126,72,268,44,"17,3",116,50
06/08/2025,159,79,0,43,16,254,39
07/08/2025,51,54,178,50,"9,3",105,43
08/08/2025,136,78,0,47,"11,8",250,54
09/08/2025,165,69,223,45,"26,9",112,34
10/08/2025,83,66,0,50,"15,1",134,52
11/08/2025,54,85,0,45,"0,9",101,68
12/08/2025,129,75,258,44,"17,3",122,52
13/08/2025,154,83,0,43,"15,7",261,41
14/08/2025,107,77,235,44,"15,1",115,53
15/08/2025,136,74,0,46,"11,6",247,51
16/08/2025,130,71,221,46,"20,6",113,49
17/08/2025,79,77,0,48,"14,8",133,61
18/08/2025,0,87,0,45,0,0,82
18/08/2024,78,62,0,47,"14,4",130,49
19/08/2024,61,71,0,45,"1,1",105,56
20/08/2024,108,73,257,43,"15,1",114,51
21/08/2024,153,73,0,44,"15,2",245,36
22/08/2024,102,72,263,40,"14,4",109,50
23/08/2024,89,70,0,41,"1,6",116,56
24/08/2024,241,47,231,47,"35,2",257,18
25/08/2024,105,67,0,47,"18,5",136,46
26/08/2024,70,81,0,47,"1,2",103,64
27/08/2024,129,73,265,42,"16,8",125,51
28/08/2024,167,72,0,42,"17,1",260,36
29/08/2024,118,69,271,45,"16,2",113,48
30/08/2024,115,77,0,40,"1,5",116,53
31/08/2024,112,70,0,46,"19,8",130,49
01/09/2024,277,56,235,47,"43,7",262,22
02/09/2024,67,77,0,45,"1,2",101,61
03/09/2024,116,77,270,42,"15,7",116,65
04/09/2024,165,87,0,41,"17,1",258,43
05/09/2024,122,87,270,42,"16,7",120,60
06/09/2024,115,77,0,44,"1,6",106,53
07/09/2024,272,76,230,44,"43,7",282,30
08/09/2024,112,67,0,47,"19,9",134,46
09/09/2024,65,87,0,44,"1,1",103,69
10/09/2024,108,74,256,42,"15,1",124,51
11/09/2024,91,65,0,48,"15,6",149,52
12/09/2024,197,88,283,43,"17,8",227,44
13/09/2024,115,77,0,39,"1,2",105,53
14/09/2024,284,61,230,47,"44,8",270,24
15/09/2024,110,71,0,47,"19,4",137,49
16/09/2024,65,73,0,48,"1,1",103,58
17/09/2024,175,75,258,41,"20,1",245,37
18/09/2024,115,75,0,40,0,0,52
19/09/2024,190,61,251,48,"17,2",233,30
20/09/2024,115,81,0,42,"1,5",102,56
21/09/2024,279,77,231,46,"44,2",267,30
22/09/2024,105,51,0,48,"18,8",138,35
23/09/2024,72,51,0,42,"1,2",104,72
24/09/2024,168,88,257,41,"19,2",234,44
25/09/2024,121,87,0,40,"21,5",141,60
26/09/2024,142,78,183,42,"12,5",230,54
27/09/2024,86,78,0,42,"1,5",114,62
28/09/2024,281,61,231,44,"45,1",232,24
29/09/2024,116,71,0,46,"20,9",141,49
30/09/2024,69,79,0,46,"1,3",105,63
01/10/2024,89,70,273,41,"12,9",115,56
02/10/2024,71,65,0,46,13,137,52
